director_name,actor_1_name,actor_2_name,actor_3_name,genres,movie_title
James Cameron,CCH Pounder,Joel David Moore,Wes Studi,Action Adventure Fantasy Sci-Fi,avatar
Gore Verbinski,Johnny Depp,Orlando Bloom,Jack Davenport,Action Adventure Fantasy,pirates of the caribbean: at world's end
Sam Mendes,Christoph Waltz,Rory Kinnear,Stephanie Sigman,Action Adventure Thriller,spectre
Christopher Nolan,Tom Hardy,Christian Bale,Joseph Gordon-Levitt,Action Thriller,the dark knight rises
Doug Walker,Doug Walker,Rob Walker,unknown,Documentary,star wars: episode vii - the force awakens            
Andrew Stanton,Daryl Sabara,Samantha Morton,Polly Walker,Action Adventure Sci-Fi,john carter
Sam Raimi,J K Simmons,James Franco,Kirsten Dunst,Action Adventure Romance,spider-man 3
Nathan Greno,Brad Garrett,Donna Murphy,M.C. Gainey,Adventure Animation Comedy Family Fantasy Musical Romance,tangled
Joss Whedon,Chris Hemsworth,Robert Downey Jr.,Scarlett Johansson,Action Adventure Sci-Fi,avengers: age of ultron
David Yates,Alan Rickman,Daniel Radcliffe,Rupert Grint,Adventure Family Fantasy Mystery,harry potter and the half-blood prince
Zack Snyder,Henry Cavill,Lauren Cohan,Alan D. Purwin,Action Adventure Sci-Fi,batman v superman: dawn of justice
Bryan Singer,Kevin Spacey,Marlon Brando,Frank Langella,Action Adventure Sci-Fi,superman returns
Marc Forster,Giancarlo Giannini,Mathieu Amalric,Rory Kinnear,Action Adventure,quantum of solace
Gore Verbinski,Johnny Depp,Orlando Bloom,Jack Davenport,Action Adventure Fantasy,pirates of the caribbean: dead man's chest
Gore Verbinski,Johnny Depp,Ruth Wilson,Tom Wilkinson,Action Adventure Western,the lone ranger
Zack Snyder,Henry Cavill,Christopher Meloni,Harry Lennix,Action Adventure Fantasy Sci-Fi,man of steel
Andrew Adamson,Peter Dinklage,Pierfrancesco Favino,Damián Alcázar,Action Adventure Family Fantasy,the chronicles of narnia: prince caspian
Joss Whedon,Chris Hemsworth,Robert Downey Jr.,Scarlett Johansson,Action Adventure Sci-Fi,the avengers
Rob Marshall,Johnny Depp,Sam Claflin,Stephen Graham,Action Adventure Fantasy,pirates of the caribbean: on stranger tides
Barry Sonnenfeld,Will Smith,Michael Stuhlbarg,Nicole Scherzinger,Action Adventure Comedy Family Fantasy Sci-Fi,men in black 3
Peter Jackson,Aidan Turner,Adam Brown,James Nesbitt,Adventure Fantasy,the hobbit: the battle of the five armies
Marc Webb,Emma Stone,Andrew Garfield,Chris Zylka,Action Adventure Fantasy,the amazing spider-man
Ridley Scott,Mark Addy,William Hurt,Scott Grimes,Action Adventure Drama History,robin hood
Peter Jackson,Aidan Turner,Adam Brown,James Nesbitt,Adventure Fantasy,the hobbit: the desolation of smaug
Chris Weitz,Christopher Lee,Eva Green,Kristin Scott Thomas,Adventure Family Fantasy,the golden compass
Peter Jackson,Naomi Watts,Thomas Kretschmann,Evan Parke,Action Adventure Drama Romance,king kong
James Cameron,Leonardo DiCaprio,Kate Winslet,Gloria Stuart,Drama Romance,titanic
Anthony Russo,Robert Downey Jr.,Scarlett Johansson,Chris Evans,Action Adventure Sci-Fi,captain america: civil war
Peter Berg,Liam Neeson,Alexander Skarsgård,Tadanobu Asano,Action Adventure Sci-Fi Thriller,battleship
Colin Trevorrow,Bryce Dallas Howard,Judy Greer,Omar Sy,Action Adventure Sci-Fi Thriller,jurassic world
Sam Mendes,Albert Finney,Helen McCrory,Rory Kinnear,Action Adventure Thriller,skyfall
Sam Raimi,J.K. Simmons,James Franco,Kirsten Dunst,Action Adventure Fantasy Romance,spider-man 2
Shane Black,Robert Downey Jr.,Jon Favreau,Don Cheadle,Action Adventure Sci-Fi,iron man 3
Tim Burton,Johnny Depp,Alan Rickman,Anne Hathaway,Adventure Family Fantasy,alice in wonderland
Brett Ratner,Hugh Jackman,Kelsey Grammer,Daniel Cudmore,Action Adventure Fantasy Sci-Fi Thriller,x-men: the last stand
Dan Scanlon,Steve Buscemi,Tyler Labine,Sean Hayes,Adventure Animation Comedy Family Fantasy,monsters university
Michael Bay,Glenn Morshower,Kevin Dunn,Ramon Rodriguez,Action Adventure Sci-Fi,transformers: revenge of the fallen
Michael Bay,Bingbing Li,Sophia Myles,Kelsey Grammer,Action Adventure Sci-Fi,transformers: age of extinction
Sam Raimi,Tim Holmes,Mila Kunis,James Franco,Adventure Family Fantasy,oz the great and powerful
Marc Webb,Emma Stone,Andrew Garfield,B.J. Novak,Action Adventure Fantasy Sci-Fi,the amazing spider-man 2
Joseph Kosinski,Jeff Bridges,Olivia Wilde,James Frain,Action Adventure Sci-Fi,tron: legacy
John Lasseter,Joe Mantegna,Thomas Kretschmann,Eddie Izzard,Adventure Animation Comedy Family Sport,cars 2
Martin Campbell,Ryan Reynolds,Temuera Morrison,Taika Waititi,Action Adventure Sci-Fi,green lantern
Lee Unkrich,Tom Hanks,John Ratzenberger,Don Rickles,Adventure Animation Comedy Family Fantasy,toy story 3
McG,Christian Bale,Bryce Dallas Howard,Common,Action Adventure Sci-Fi,terminator salvation
James Wan,Jason Statham,Paul Walker,Vin Diesel,Action Crime Thriller,furious 7
Marc Forster,Peter Capaldi,Brad Pitt,Mireille Enos,Action Adventure Horror Sci-Fi Thriller,world war z
Bryan Singer,Jennifer Lawrence,Peter Dinklage,Hugh Jackman,Action Adventure Fantasy Sci-Fi Thriller,x-men: days of future past
J.J. Abrams,Benedict Cumberbatch,Bruce Greenwood,Noel Clarke,Action Adventure Sci-Fi,star trek into darkness
Bryan Singer,Eddie Marsan,Ewen Bremner,Ralph Brown,Adventure Fantasy,jack the giant slayer
Baz Luhrmann,Leonardo DiCaprio,Elizabeth Debicki,Steve Bisley,Drama Romance,the great gatsby
Mike Newell,Jake Gyllenhaal,Richard Coyle,Reece Ritchie,Action Adventure Fantasy Romance,prince of persia: the sands of time
Guillermo del Toro,Charlie Hunnam,Clifton Collins Jr.,Larry Joe Campbell,Action Adventure Sci-Fi,pacific rim
Michael Bay,Glenn Morshower,Lester Speight,Kevin Dunn,Action Adventure Sci-Fi,transformers: dark of the moon
Steven Spielberg,Harrison Ford,Ray Winstone,Jim Broadbent,Action Adventure Fantasy,indiana jones and the kingdom of the crystal skull
Peter Sohn,A.J. Buckley,Jack McGraw,Peter Sohn,Adventure Animation Comedy Family Fantasy,the good dinosaur
Mark Andrews,Kelly Macdonald,John Ratzenberger,Julie Walters,Adventure Animation Comedy Family Fantasy,brave
Justin Lin,Sofia Boutella,Melissa Roxburgh,Lydia Wilson,Action Adventure Sci-Fi Thriller,star trek beyond
Andrew Stanton,John Ratzenberger,Fred Willard,Jeff Garlin,Adventure Animation Family Sci-Fi,wall·e
Brett Ratner,Tzi Ma,Dana Ivey,Noémie Lenoir,Action Comedy Crime Thriller,rush hour 3
Roland Emmerich,Oliver Platt,Liam James,Tom McCarthy,Action Adventure Sci-Fi,2012
Robert Zemeckis,Robin Wright,Colin Firth,Gary Oldman,Animation Drama Family Fantasy,a christmas carol
Lana Wachowski,Channing Tatum,Mila Kunis,Eddie Redmayne,Action Adventure Sci-Fi,jupiter ascending
David Yates,Christoph Waltz,Alexander Skarsgård,Casper Crump,Action Adventure Drama Romance,the legend of tarzan
Andrew Adamson,Jim Broadbent,Kiran Shah,Shane Rangi,Adventure Family Fantasy,"the chronicles of narnia: the lion, the witch and the wardrobe"
Bryan Singer,Jennifer Lawrence,Michael Fassbender,Tye Sheridan,Action Adventure Sci-Fi,x-men: apocalypse
Christopher Nolan,Christian Bale,Heath Ledger,Morgan Freeman,Action Crime Drama Thriller,the dark knight
Pete Docter,John Ratzenberger,Delroy Lindo,Jess Harnell,Adventure Animation Comedy Family,up
Rob Letterman,Amy Poehler,Rainn Wilson,Stephen Colbert,Action Adventure Animation Comedy Family Sci-Fi,monsters vs. aliens
Jon Favreau,Robert Downey Jr.,Jeff Bridges,Jon Favreau,Action Adventure Sci-Fi,iron man
Martin Scorsese,Chloë Grace Moretz,Christopher Lee,Ray Winstone,Adventure Drama Family Mystery,hugo
Barry Sonnenfeld,Will Smith,Salma Hayek,Bai Ling,Action Comedy Sci-Fi Western,wild wild west
Rob Cohen,Jet Li,Brendan Fraser,Russell Wong,Action Adventure Fantasy Horror Thriller,the mummy: tomb of the dragon emperor
David Ayer,Will Smith,Robin Atkin Downes,Ike Barinholtz,Action Adventure Comedy Sci-Fi,suicide squad
Tom Shadyac,Jimmy Bennett,Morgan Freeman,Steve Carell,Comedy Family Fantasy,evan almighty
Doug Liman,Tom Cruise,Lara Pulver,Noah Taylor,Action Adventure Sci-Fi,edge of tomorrow
Kevin Reynolds,Jeanne Tripplehorn,Rick Aviles,Zakes Mokae,Action Adventure Sci-Fi Thriller,waterworld
Stephen Sommers,Joseph Gordon-Levitt,Dennis Quaid,Leo Howard,Action Adventure Sci-Fi Thriller,g.i. joe: the rise of cobra
Pete Docter,Amy Poehler,Mindy Kaling,Phyllis Smith,Adventure Animation Comedy Drama Family Fantasy,inside out
Jon Favreau,Scarlett Johansson,Bill Murray,Garry Shandling,Adventure Drama Family Fantasy,the jungle book
Jon Favreau,Robert Downey Jr.,Scarlett Johansson,Jon Favreau,Action Adventure Sci-Fi,iron man 2
Rupert Sanders,Chris Hemsworth,Kristen Stewart,Sam Claflin,Action Adventure Drama Fantasy,snow white and the huntsman
Robert Stromberg,Angelina Jolie Pitt,Sharlto Copley,Sam Riley,Action Adventure Family Fantasy Romance,maleficent
Matt Reeves,Gary Oldman,Judy Greer,Kodi Smit-McPhee,Action Adventure Drama Sci-Fi,dawn of the planet of the apes
Roland Joffé,Tamsin Egerton,Alice Englert,Bipasha Basu,Action Adventure Romance Sci-Fi,the lovers
Carl Rinsch,Keanu Reeves,Cary-Hiroyuki Tagawa,Jin Akanishi,Action Adventure Drama Fantasy,47 ronin
Anthony Russo,Scarlett Johansson,Chris Evans,Hayley Atwell,Action Adventure Sci-Fi,captain america: the winter soldier
Mike Mitchell,Jon Hamm,Kathy Griffin,Mary Kay Place,Adventure Animation Comedy Family Fantasy,shrek forever after
Brad Bird,Judy Greer,Chris Bauer,Thomas Robinson,Action Adventure Family Mystery Sci-Fi,tomorrowland
Don Hall,Damon Wayans Jr.,Daniel Henney,Abraham Benrubi,Action Adventure Animation Comedy Drama Family Sci-Fi,big hero 6
Rich Moore,Jack McBrayer,Sarah Silverman,Joe Lo Truglio,Adventure Animation Comedy Family Sci-Fi,wreck-it ralph
Robert Zemeckis,Tom Hanks,Eddie Deezen,Peter Scolari,Adventure Animation Family Fantasy,the polar express
Roland Emmerich,Vivica A. Fox,Sela Ward,Judd Hirsch,Action Adventure Sci-Fi,independence day: resurgence
Dean DeBlois,Gerard Butler,America Ferrera,Craig Ferguson,Adventure Animation Family Fantasy,how to train your dragon
Jonathan Mostow,Nick Stahl,M.C. Gainey,Carolyn Hennesy,Action Sci-Fi,terminator 3: rise of the machines
James Gunn,Bradley Cooper,Vin Diesel,Djimon Hounsou,Action Adventure Sci-Fi,guardians of the galaxy
Christopher Nolan,Matthew McConaughey,Anne Hathaway,Mackenzie Foy,Adventure Drama Sci-Fi,interstellar
Christopher Nolan,Leonardo DiCaprio,Tom Hardy,Joseph Gordon-Levitt,Action Adventure Sci-Fi Thriller,inception
Hideaki Anno,Mark Chinnery,Shin'ya Tsukamoto,Atsuko Maeda,Action Adventure Drama Horror Sci-Fi,godzilla resurgence
Peter Jackson,Aidan Turner,Adam Brown,James Nesbitt,Adventure Fantasy,the hobbit: an unexpected journey
Rob Cohen,Paul Walker,Vin Diesel,Jordana Brewster,Action Crime Thriller,the fast and the furious
David Fincher,Brad Pitt,Jason Flemyng,Julia Ormond,Drama Fantasy Romance,the curious case of benjamin button
Matthew Vaughn,Jennifer Lawrence,Michael Fassbender,Oliver Platt,Action Adventure Sci-Fi,x-men: first class
Francis Lawrence,Jennifer Lawrence,Philip Seymour Hoffman,Josh Hutcherson,Adventure Sci-Fi,the hunger games: mockingjay - part 2
Jon Turteltaub,Nicolas Cage,Omar Benson Miller,Robert Capron,Action Adventure Family Fantasy,the sorcerer's apprentice
Wolfgang Petersen,Jimmy Bennett,Mike Vogel,Andre Braugher,Action Adventure Drama Thriller,poseidon
James Bobin,Johnny Depp,Alan Rickman,Anne Hathaway,Adventure Family Fantasy,alice through the looking glass
Chris Miller,Justin Timberlake,Eric Idle,Rupert Everett,Adventure Animation Comedy Family Fantasy,shrek the third
Duncan Jones,Dominic Cooper,Callum Rennie,Ruth Negga,Action Adventure Fantasy,warcraft
Alan Taylor,J.K. Simmons,Emilia Clarke,Matt Smith,Action Adventure Sci-Fi,terminator genisys
Michael Apted,Bruce Spence,Shane Rangi,Laura Brent,Adventure Family Fantasy,the chronicles of narnia: the voyage of the dawn treader
Michael Bay,Jennifer Garner,Jaime King,Mako,Action Drama History Romance War,pearl harbor
Michael Bay,Zack Ward,Michael O'Neill,Kevin Dunn,Action Adventure Sci-Fi,transformers
Oliver Stone,Anthony Hopkins,Angelina Jolie Pitt,Brian Blessed,Action Adventure Biography Drama History Romance War,alexander
David Yates,Robert Pattinson,Daniel Radcliffe,Fiona Shaw,Adventure Family Fantasy Mystery,harry potter and the order of the phoenix
Mike Newell,Robert Pattinson,Daniel Radcliffe,Rupert Grint,Adventure Family Fantasy Mystery,harry potter and the goblet of fire
Peter Berg,Will Smith,Charlize Theron,Eddie Marsan,Action Drama,hancock
Francis Lawrence,Will Smith,Alice Braga,Willow Smith,Drama Horror Sci-Fi,i am legend
Tim Burton,Johnny Depp,Christopher Lee,David Kelly,Adventure Comedy Family Fantasy,charlie and the chocolate factory
Brad Bird,Janeane Garofalo,John Ratzenberger,Brian Dennehy,Animation Comedy Family Fantasy,ratatouille
Christopher Nolan,Christian Bale,Liam Neeson,Morgan Freeman,Action Adventure,batman begins
Eric Darnell,Bernie Mac,Jada Pinkett Smith,Cedric the Entertainer,Action Adventure Animation Comedy Family,madagascar: escape 2 africa
Shawn Levy,Robin Williams,Rami Malek,Steve Coogan,Adventure Comedy Family Fantasy,night at the museum: battle of the smithsonian
Gavin Hood,Hugh Jackman,Ryan Reynolds,Dominic Monaghan,Action Adventure Fantasy Sci-Fi Thriller,x-men origins: wolverine
Lana Wachowski,Essie Davis,Collin Chou,Nona Gaye,Action Sci-Fi,the matrix revolutions
Chris Buck,Josh Gad,Maurice LaMarche,Livvy Stubenrauch,Adventure Animation Comedy Family Fantasy Musical,frozen
Lana Wachowski,Steve Bastoni,Daniel Bernhardt,Helmut Bakaitis,Action Sci-Fi,the matrix reloaded
Alan Taylor,Chris Hemsworth,Natalie Portman,Anthony Hopkins,Action Adventure Fantasy,thor: the dark world
George Miller,Tom Hardy,Charlize Theron,Zoë Kravitz,Action Adventure Sci-Fi Thriller,mad max: fury road
Ron Howard,Tom Hanks,Ayelet Zurer,Armin Mueller-Stahl,Mystery Thriller,angels & demons
Kenneth Branagh,Chris Hemsworth,Natalie Portman,Anthony Hopkins,Action Adventure Fantasy,thor
Byron Howard,Chloë Grace Moretz,Diedrich Bader,James Lipton,Adventure Animation Comedy Drama Family,bolt
Hoyt Yeatman,Kelli Garner,Piper Mackenzie Harris,Niecy Nash,Action Adventure Animation Comedy Family Fantasy Sci-Fi,g-force
Jonathan Liebesman,Liam Neeson,Edgar Ramírez,Lily James,Action Adventure Fantasy,wrath of the titans
Tim Burton,Johnny Depp,Chloë Grace Moretz,Christopher Lee,Comedy Fantasy Horror,dark shadows
Christopher McQuarrie,Tom Cruise,Jeremy Renner,Sean Harris,Action Adventure Thriller,mission: impossible - rogue nation
Joe Johnston,Anthony Hopkins,Simon Merrells,Art Malik,Drama Fantasy Horror Thriller,the wolfman
David Yates,Christoph Waltz,Alexander Skarsgård,Casper Crump,Action Adventure Drama Romance,the legend of tarzan
Steve Hickner,Matthew Broderick,Oprah Winfrey,Rip Torn,Adventure Animation Comedy Family,bee movie
Jennifer Yuh Nelson,Angelina Jolie Pitt,Gary Oldman,Mike Bell,Action Adventure Animation Comedy Family,kung fu panda 2
M. Night Shyamalan,Seychelle Gabriel,Noah Ringer,Aasif Mandvi,Action Adventure Family Fantasy,the last airbender
J.J. Abrams,Philip Seymour Hoffman,Tom Cruise,Eddie Marsan,Action Adventure Thriller,mission: impossible iii
Roland Emmerich,Channing Tatum,Jake Weber,Matt Craven,Action Drama Thriller,white house down
Simon Wells,Elisabeth Harnois,Dan Fogler,Tom Everett Scott,Action Adventure Animation Comedy Family Sci-Fi,mars needs moms
David Bowers,Hugh Jackman,Kate Winslet,David Suchet,Adventure Animation Comedy Family,flushed away
Joe Wright,Hugh Jackman,Cara Delevingne,Nonso Anozie,Adventure Family Fantasy,pan
Rob Minkoff,Ty Burrell,Zach Callison,Karan Brar,Adventure Animation Comedy Family Sci-Fi,mr. peabody & sherman
Wolfgang Petersen,Brad Pitt,Orlando Bloom,Julian Glover,Adventure,troy
Eric Darnell,Jada Pinkett Smith,Martin Short,Cedric the Entertainer,Adventure Animation Comedy Family,madagascar 3: europe's most wanted
Lee Tamahori,Toby Stephens,Colin Salmon,Rick Yune,Action Adventure Thriller,die another day
Paul Feig,Ed Begley Jr.,Kate McKinnon,Zach Woods,Action Comedy Fantasy Sci-Fi,ghostbusters
Michael Bay,Bruce Willis,Steve Buscemi,Will Patton,Action Adventure Sci-Fi Thriller,armageddon
Barry Sonnenfeld,Will Smith,Rosario Dawson,Rip Torn,Action Adventure Comedy Family Fantasy Mystery Sci-Fi,men in black ii
Robert Zemeckis,Robin Wright,Anthony Hopkins,Sebastian Roché,Action Adventure Animation Fantasy,beowulf
Alessandro Carloni,J.K. Simmons,Angelina Jolie Pitt,Wayne Knight,Action Adventure Animation Comedy Family,kung fu panda 3
Brad Bird,Tom Cruise,Jeremy Renner,Michael Nyqvist,Action Adventure Thriller,mission: impossible - ghost protocol
Peter Ramsey,Hugh Jackman,Kamil McFadden,Khamani Griffin,Adventure Animation Family Fantasy,rise of the guardians
Dean Parisot,John Michael Higgins,Richard Burgi,David Herman,Comedy Crime,fun with dick and jane
Edward Zwick,Tom Cruise,Tony Goldwyn,Chad Lindberg,Action Drama History War,the last samurai
Ridley Scott,Christian Bale,María Valverde,Ben Mendelsohn,Action Adventure Drama,exodus: gods and kings
J.J. Abrams,Chris Hemsworth,Leonard Nimoy,Bruce Greenwood,Action Adventure Sci-Fi,star trek
Sam Raimi,J.K. Simmons,James Franco,Kirsten Dunst,Action Adventure Fantasy Romance,spider-man
Dean DeBlois,Gerard Butler,Djimon Hounsou,America Ferrera,Action Adventure Animation Comedy Family Fantasy,how to train your dragon 2
Alex Proyas,Gerard Butler,Elodie Yung,Bryan Brown,Action Adventure Fantasy,gods of egypt
Rob Cohen,Sam Shepard,Joe Morton,Richard Roxburgh,Action Adventure Sci-Fi Thriller,stealth
Zack Snyder,Matt Frewer,Billy Crudup,Stephen McHattie,Action Drama Mystery Sci-Fi,watchmen
Richard Donner,Jet Li,Rene Russo,Darlene Love,Action Crime Thriller,lethal weapon 4
Ang Lee,Kevin Rankin,Regi Davis,Celia Weston,Action Sci-Fi,hulk
Jon M. Chu,Channing Tatum,Dwayne Johnson,Elodie Yung,Action Adventure Sci-Fi Thriller,g.i. joe: retaliation
Breck Eisner,Matthew McConaughey,Rainn Wilson,Delroy Lindo,Action Adventure Comedy Thriller,sahara
Hironobu Sakaguchi,Steve Buscemi,Ming-Na Wen,Jean Simmons,Action Adventure Animation Fantasy Romance Sci-Fi,final fantasy: the spirits within
Joe Johnston,Chris Evans,Dominic Cooper,Hayley Atwell,Action Adventure Sci-Fi,captain america: the first avenger
Michael Apted,Colin Salmon,Maria Grazia Cucinotta,Desmond Llewelyn,Action Adventure Thriller,the world is not enough
Peter Weir,James D'Arcy,Lee Ingleby,David Threlfall,Action Adventure Drama History War,master and commander: the far side of the world
Bill Condon,Robert Pattinson,Kristen Stewart,Taylor Lautner,Adventure Drama Fantasy Romance,the twilight saga: breaking dawn - part 2
George Miller,Robin Williams,Brad Pitt,Common,Animation Comedy Family Musical,happy feet 2
Louis Leterrier,Ty Burrell,Peter Mensah,William Hurt,Action Adventure Sci-Fi,the incredible hulk
unknown,Don Johnson,Philip Michael Thomas,John Diehl,Action Crime Drama Mystery Thriller,miami vice            
Steven Spielberg,Mark Rylance,Penelope Wilton,Rafe Spall,Adventure Family Fantasy,the bfg
Alejandro G. Iñárritu,Leonardo DiCaprio,Tom Hardy,Lukas Haas,Adventure Drama Thriller Western,the revenant
David Soren,Ryan Reynolds,Snoop Dogg,Ben Schwartz,Adventure Animation Comedy Family Sport,turbo
Gore Verbinski,Johnny Depp,Ray Winstone,Stephen Root,Adventure Animation Comedy Family Western,rango
Eric Darnell,Benedict Cumberbatch,Annet Mahendru,Andy Richter,Adventure Animation Comedy Family,penguins of madagascar
Paul Greengrass,Matt Damon,Edgar Ramírez,Albert Finney,Action Mystery Thriller,the bourne ultimatum
Mark Osborne,Angelina Jolie Pitt,Wayne Knight,Dan Fogler,Action Adventure Animation Comedy Family,kung fu panda
Peyton Reed,Judy Greer,Hayley Atwell,T.I.,Action Adventure Comedy Sci-Fi,ant-man
Francis Lawrence,Jennifer Lawrence,Josh Hutcherson,Sandra Ellis Lafferty,Adventure Sci-Fi Thriller,the hunger games: catching fire
Bill Condon,Robert Pattinson,Kristen Stewart,Taylor Lautner,Adventure Drama Fantasy Romance,the twilight saga: breaking dawn - part 2
Tim Johnson,Jim Parsons,Matt Jones,April Winchell,Adventure Animation Comedy Family Fantasy Sci-Fi,home
Steven Spielberg,Tom Cruise,Lisa Ann Walter,Rick Gonzalez,Adventure Sci-Fi Thriller,war of the worlds
Michael Bay,Will Smith,Henry Rollins,Jordi Mollà,Action Comedy Crime Thriller,bad boys ii
Chris Miller,Salma Hayek,Constance Marie,Amy Sedaris,Action Adventure Animation Comedy Family Fantasy,puss in boots
Phillip Noyce,Angelina Jolie Pitt,Andre Braugher,August Diehl,Action Crime Mystery Thriller,salt
Darren Aronofsky,Anthony Hopkins,Emma Watson,Logan Lerman,Action Adventure Drama,noah
Steven Spielberg,Toby Jones,Mackenzie Crook,Tony Curran,Action Adventure Family Mystery,the adventures of tintin
Alfonso Cuarón,Daniel Radcliffe,Gary Oldman,Rupert Grint,Adventure Family Fantasy Mystery,harry potter and the prisoner of azkaban
Baz Luhrmann,Essie Davis,Bryan Brown,Eddie Baroo,Adventure Drama Romance War,australia
M. Night Shyamalan,Will Smith,Zoë Kravitz,Glenn Morshower,Action Adventure Sci-Fi,after earth
Eric Leighton,Alfre Woodard,D.B. Sweeney,Della Reese,Adventure Animation Family Thriller,dinosaur
Matt Birch,Rupert Grint,Dave Legeno,Ralph Ineson,Action Fantasy,harry potter and the deathly hallows: part ii
Shawn Levy,Robin Williams,Rami Malek,Steve Coogan,Adventure Comedy Family Fantasy,night at the museum: secret of the tomb
Tom McGrath,J.K. Simmons,Brad Pitt,Will Ferrell,Action Animation Comedy Family Sci-Fi,megamind
Chris Columbus,Daniel Radcliffe,Fiona Shaw,Verne Troyer,Adventure Family Fantasy,harry potter and the sorcerer's stone
Robert Schwentke,Ryan Reynolds,Jeff Bridges,Stephanie Szostak,Action Comedy Fantasy,r.i.p.d.
Hideaki Anno,Mark Chinnery,Shin'ya Tsukamoto,Atsuko Maeda,Action Adventure Drama Horror Sci-Fi,godzilla resurgence
Gore Verbinski,Johnny Depp,Orlando Bloom,Jack Davenport,Action Adventure Fantasy,pirates of the caribbean: the curse of the black pearl
Matt Birch,Rupert Grint,Toby Jones,Alfred Enoch,Fantasy,harry potter and the deathly hallows: part i
Francis Lawrence,Jennifer Lawrence,Philip Seymour Hoffman,Josh Hutcherson,Adventure Sci-Fi Thriller,the hunger games: mockingjay - part 1
Ron Howard,Tom Hanks,Seth Gabel,Jürgen Prochnow,Mystery Thriller,the da vinci code
Carlos Saldanha,Miguel Ferrer,Rachel Crow,Jeffrey Garcia,Adventure Animation Comedy Family Musical,rio 2
Bryan Singer,Hugh Jackman,Bruce Davison,Aaron Stanford,Action Adventure Fantasy Sci-Fi Thriller,x-men 2
Justin Lin,Paul Walker,Vin Diesel,Dwayne Johnson,Action Crime Thriller,fast five
Guy Ritchie,Robert Downey Jr.,Eddie Marsan,Paul Anderson,Action Adventure Crime Mystery Thriller,sherlock holmes: a game of shadows
Louis Leterrier,Liam Neeson,Jason Flemyng,Alexa Davalos,Action Adventure Fantasy,clash of the titans
Paul Verhoeven,Ronny Cox,Rachel Ticotin,Marshall Bell,Action Sci-Fi,total recall
John McTiernan,Tony Curran,Vladimir Kulich,Clive Russell,Action Adventure History,the 13th warrior
Tony Gilroy,Jeremy Renner,Scott Glenn,Stacy Keach,Action Adventure Thriller,the bourne legacy
Joel Schumacher,Michael Gough,Vivica A. Fox,John Glover,Action,batman & robin
Ron Howard,Clint Howard,T.J. Thyne,Molly Shannon,Comedy Family Fantasy,how the grinch stole christmas
Roland Emmerich,Jake Gyllenhaal,Dennis Quaid,Sela Ward,Action Adventure Sci-Fi Thriller,the day after tomorrow
John Woo,Tom Cruise,Dougray Scott,Richard Roxburgh,Action Adventure Thriller,mission: impossible ii
Wolfgang Petersen,Karen Allen,Mary Elizabeth Mastrantonio,Bob Gunton,Action Adventure Drama Thriller,the perfect storm
Tim Story,Chris Evans,Ioan Gruffudd,Andre Braugher,Action Adventure Sci-Fi Thriller,fantastic 4: rise of the silver surfer
Ang Lee,Suraj Sharma,Rafe Spall,Tabu,Adventure Drama Fantasy,life of pi
Mark Steven Johnson,Nicolas Cage,Matt Long,Peter Fonda,Action Fantasy Thriller,ghost rider
Paul Greengrass,Matt Damon,Riz Ahmed,Ato Essandoh,Action Thriller,jason bourne
McG,Demi Moore,Bernie Mac,Justin Theroux,Action Adventure Comedy Crime,charlie's angels: full throttle
Ridley Scott,Michael Fassbender,Charlize Theron,Sean Harris,Adventure Mystery Sci-Fi,prometheus
Rob Minkoff,Nathan Lane,Brad Garrett,Melanie Griffith,Adventure Animation Comedy Family Fantasy,stuart little 2
Neill Blomkamp,Matt Damon,Sharlto Copley,Alice Braga,Action Drama Sci-Fi Thriller,elysium
David Twohy,Vin Diesel,Alexa Davalos,Christina Cox,Action Adventure Sci-Fi Thriller,the chronicles of riddick
José Padilha,Gary Oldman,Abbie Cornish,Jennifer Ehle,Action Crime Sci-Fi Thriller,robocop
Lana Wachowski,Scott Porter,Kick Gurry,Nicholas Elia,Action Family Sport,speed racer
James L. Brooks,Shelley Conn,Domenick Lombardozzi,Teyonah Parris,Comedy Drama Romance,how do you know
James Mangold,Tom Cruise,Marc Blucas,Jordi Mollà,Action Comedy Romance,knight and day
Joseph Kosinski,Morgan Freeman,Tom Cruise,Zoë Bell,Action Adventure Mystery Sci-Fi,oblivion
George Lucas,Natalie Portman,Christopher Lee,Hayden Christensen,Action Adventure Fantasy Sci-Fi,star wars: episode iii - revenge of the sith
George Lucas,Natalie Portman,Christopher Lee,Hayden Christensen,Action Adventure Fantasy Sci-Fi,star wars: episode ii - attack of the clones
Pete Docter,Steve Buscemi,John Ratzenberger,James Coburn,Adventure Animation Comedy Family Fantasy,"monsters, inc."
James Mangold,Hugh Jackman,Tao Okamoto,Rila Fukushima,Action Adventure Sci-Fi Thriller,the wolverine
George Lucas,Natalie Portman,Liam Neeson,Ian McDiarmid,Action Adventure Fantasy Sci-Fi,star wars: episode i - the phantom menace
Kirk De Micco,Ryan Reynolds,Emma Stone,Nicolas Cage,Adventure Animation Comedy Family Fantasy,the croods
Frédéric Forestier,Alain Delon,Santiago Segura,Vanessa Hessler,Adventure Comedy Family Fantasy,asterix at the olympic games
John Woo,Nicolas Cage,Roger Willie,Noah Emmerich,Action Drama War,windtalkers
Cedric Nicolas-Troyan,Chris Hemsworth,Sam Claflin,Charlize Theron,Action Adventure Drama Fantasy,the huntsman: winter's war
Jonathan Liebesman,Noel Fisher,Danny Woodburn,Jeremy Howard,Action Adventure Comedy Sci-Fi,teenage mutant ninja turtles
Alfonso Cuarón,Phaldut Sharma,Basher Savage,Amy Warren,Adventure Drama Sci-Fi Thriller,gravity
Roger Donaldson,Jamie Renée Smith,Grant Heslov,Tzi Ma,Action Adventure Thriller,dante's peak
Dave Green,Stephen Amell,Noel Fisher,Brad Garrett,Action Adventure Comedy Sci-Fi,teenage mutant ninja turtles: out of the shadows
Josh Trank,Tim Blake Nelson,Reg E. Cathey,Tim Heidecker,Action Adventure Sci-Fi,fantastic four
Shawn Levy,Robin Williams,Rami Malek,Steve Coogan,Action Adventure Comedy Family Fantasy,night at the museum
Brad Peyton,Dwayne Johnson,Ioan Gruffudd,Archie Panjabi,Action Adventure Drama Thriller,san andreas
Roger Spottiswoode,Vincent Schiavelli,Colin Salmon,Joe Don Baker,Action Adventure Thriller,tomorrow never dies
Roland Emmerich,Heath Ledger,Adam Baldwin,Tom Wilkinson,Action Drama History War,the patriot
Steven Soderbergh,Brad Pitt,Julia Roberts,Mini Anden,Crime Thriller,ocean's twelve
Doug Liman,Brad Pitt,Angelina Jolie Pitt,Stephanie March,Action Comedy Crime Romance Thriller,mr. & mrs. smith
Robert Schwentke,Kate Winslet,Theo James,Mekhi Phifer,Adventure Sci-Fi Thriller,insurgent
Martin Scorsese,Leonardo DiCaprio,Adam Scott,Frances Conroy,Biography Drama,the aviator
Rob Letterman,James Corden,Catherine Tate,Olly Alexander,Adventure Comedy Family Fantasy,gulliver's travels
Michel Gondry,Christoph Waltz,Tom Wilkinson,Chad L. Coleman,Action Comedy Crime Sci-Fi Thriller,the green hornet
unknown,George Peppard,Dirk Benedict,Dwight Schultz,Action Adventure Crime,the a-team            
Noam Murro,Eva Green,Sullivan Stapleton,Peter Mensah,Action Drama Fantasy War,300: rise of an empire
Raja Gosnell,Mahadeo Shivraj,Tim Gunn,Madison McKinley,Adventure Animation Comedy Family Fantasy,the smurfs
Will Finn,Steve Buscemi,Roseanne Barr,G.W. Bailey,Animation Comedy Family Music Western,home on the range
Robert Schwentke,Naomi Watts,Theo James,Zoë Kravitz,Action Adventure Mystery Sci-Fi Thriller,allegiant
Shawn Levy,Hugh Jackman,Torey Michael Adkins,Olga Fonda,Action Drama Sci-Fi Sport,real steel
Raja Gosnell,Jacob Tremblay,Nancy O'Dell,Vanessa Matsui,Adventure Animation Comedy Family Fantasy,the smurfs 2
Jan de Bont,Jason Patric,Temuera Morrison,Lois Chiles,Action Crime Romance Thriller,speed 2: cruise control
Gavin Hood,Harrison Ford,Moises Arias,Aramis Knight,Action Sci-Fi,ender's game
Len Wiseman,Bruce Willis,Jonathan Sadowski,Cyril Raffaelli,Action Adventure Thriller,live free or die hard
Peter Jackson,Christopher Lee,Orlando Bloom,Billy Boyd,Action Adventure Drama Fantasy,the lord of the rings: the fellowship of the ring
Frank Coraci,Jim Broadbent,Steve Coogan,Cécile De France,Action Adventure Comedy,around the world in 80 days
Michael Mann,Will Smith,Jada Pinkett Smith,Joe Morton,Biography Drama Sport,ali
Bo Welch,Sean Hayes,Kelly Preston,Spencer Breslin,Adventure Comedy Family Fantasy,the cat in the hat
Alex Proyas,Will Smith,Bruce Greenwood,Chi McBride,Action Mystery Sci-Fi Thriller,"i, robot"
Ridley Scott,Liam Neeson,Orlando Bloom,Philip Glenister,Action Adventure Drama History War,kingdom of heaven
Rob Minkoff,Chazz Palminteri,Nathan Lane,Jeffrey Jones,Adventure Comedy Family Fantasy,stuart little
Ron Clements,Oprah Winfrey,Jenifer Lewis,Anika Noni Rose,Animation Family Fantasy Musical Romance,the princess and the frog
Ridley Scott,Matt Damon,Donald Glover,Benedict Wong,Adventure Drama Sci-Fi,the martian
Christopher Barnard,Mathew Buck,unknown,unknown,Comedy,"10,000 b.c.            "
Michael Bay,Scarlett Johansson,Steve Buscemi,Djimon Hounsou,Action Adventure Romance Sci-Fi Thriller,the island
Peter Chelsom,Del Zamora,Warren Beatty,Garry Shandling,Comedy Romance,town & country
Dominic Sena,Nicolas Cage,Angelina Jolie Pitt,Robert Duvall,Action Crime Thriller,gone in sixty seconds
Ridley Scott,Djimon Hounsou,Connie Nielsen,Oliver Reed,Action Drama Romance,gladiator
Steven Spielberg,Tom Cruise,Frank Grillo,Jessica Capshaw,Action Mystery Sci-Fi Thriller,minority report
Chris Columbus,Daniel Radcliffe,Rupert Grint,Emma Watson,Adventure Family Fantasy Mystery,harry potter and the chamber of secrets
Martin Campbell,Eva Green,Tobias Menzies,Ivana Milicevic,Action Adventure Thriller,casino royale
Tim Burton,Cary-Hiroyuki Tagawa,Estella Warren,Erick Avari,Action Adventure Sci-Fi Thriller,planet of the apes
James Cameron,Joe Morton,Jenette Goldstein,S. Epatha Merkerson,Action Sci-Fi,terminator 2: judgment day
Michael Mann,Johnny Depp,Christian Bale,Stephen Graham,Biography Crime Drama History Romance,public enemies
Ridley Scott,Denzel Washington,Ruby Dee,RZA,Biography Crime Drama,american gangster
James Cameron,Jamie Lee Curtis,Tia Carrere,Tom Arnold,Action Comedy Thriller,true lies
Tony Scott,Denzel Washington,Ramon Rodriguez,Michael Rispoli,Action Crime Thriller,the taking of pelham 1 2 3
Paul Weitz,Robert De Niro,Blythe Danner,Teri Polo,Comedy Romance,little fockers
Adam McKay,Dwayne Johnson,Will Ferrell,Derek Jeter,Action Comedy Crime,the other guys
Chuck Russell,Vanessa Williams,James Coburn,Roma Maffia,Action Drama Mystery Thriller,eraser
Quentin Tarantino,Leonardo DiCaprio,Christoph Waltz,Ato Essandoh,Drama Western,django unchained
Gary Trousdale,Demi Moore,Jason Alexander,Bill Fagerbakke,Animation Drama Family Musical Romance,the hunchback of notre dame
Mark Dindal,Eartha Kitt,Wendie Malick,John Fiedler,Adventure Animation Comedy Family Fantasy,the emperor's new groove
Simon West,Jason Statham,Sylvester Stallone,Bruce Willis,Action Adventure Thriller,the expendables 2
Jon Turteltaub,Nicolas Cage,Armando Riesco,Annie Parisse,Action Adventure Comedy Family Mystery,national treasure
Stefen Fangmeier,Djimon Hounsou,Ed Speleers,Gary Lewis,Action Adventure Family Fantasy,eragon
Spike Jonze,Catherine O'Hara,Ryan Corr,Max Records,Adventure Drama Family Fantasy,where the wild things are
Joe Wright,Hugh Jackman,Cara Delevingne,Nonso Anozie,Adventure Family Fantasy,pan
Chris Wedge,Josh Hutcherson,Emma Kenney,Troy Evans,Adventure Animation Family Fantasy,epic
Florian Henckel von Donnersmarck,Johnny Depp,Angelina Jolie Pitt,Rufus Sewell,Action Romance Thriller,the tourist
Peter Hyams,CCH Pounder,Mark Margolis,Udo Kier,Action Fantasy Horror Mystery,end of days
Edward Zwick,Leonardo DiCaprio,Djimon Hounsou,Stephen Collins,Adventure Drama Thriller,blood diamond
Martin Scorsese,Leonardo DiCaprio,Matthew McConaughey,Jon Favreau,Biography Comedy Crime Drama,the wolf of wall street
Joel Schumacher,Michael Gough,Rene Auberjonois,Debi Mazar,Action Adventure Fantasy,batman forever
Paul Verhoeven,Jake Busey,Patrick Muldoon,Seth Gilliam,Action Sci-Fi War,starship troopers
Tom Tykwer,Tom Hanks,Jim Sturgess,Jim Broadbent,Drama Sci-Fi,cloud atlas
Zack Snyder,Abbie Cornish,Richard Roxburgh,Anthony LaPaglia,Action Adventure Animation Family Fantasy,legend of the guardians: the owls of ga'hoole
Pitof,Frances Conroy,Christopher Heyerdahl,Alex Borstein,Action Crime Fantasy Romance Thriller,catwoman
Brett Ratner,Dwayne Johnson,Rufus Sewell,Ingrid Bolsø Berdal,Action Adventure,hercules
Ron Clements,Joseph Gordon-Levitt,Martin Short,Michael Wincott,Adventure Animation Family Sci-Fi,treasure planet
Brad Silberling,Will Ferrell,Anna Friel,Bobb'e J. Thompson,Adventure Comedy Sci-Fi,land of the lost
Patrick Hughes,Jason Statham,Sylvester Stallone,Harrison Ford,Action Adventure Thriller,the expendables 3
Ericson Core,Ray Winstone,Edgar Ramírez,Delroy Lindo,Action Crime Sport Thriller,point break
Lawrence Guterman,Jamie Kennedy,Traylor Howard,Ben Stein,Comedy Family Fantasy,son of the mask
Ron Howard,Chris Hemsworth,Benjamin Walker,Frank Dillane,Action Adventure Biography Drama History Thriller,in the heart of the sea
Ron Underwood,Rosario Dawson,Randy Quaid,Burt Young,Action Comedy Sci-Fi,the adventures of pluto nash
Paul Greengrass,Matt Damon,Sean Huze,Igal Naor,Action Drama Thriller War,green zone
Steve Martino,Francesca Capaldi,Venus Schultheis,Bill Melendez,Adventure Animation Comedy Family,the peanuts movie
David Mamet,Ben Gazzara,Felicity Huffman,Campbell Scott,Drama Mystery Thriller,the spanish prisoner
Stephen Sommers,Dwayne Johnson,Brendan Fraser,Patricia Velasquez,Action Adventure Fantasy Thriller,the mummy returns
Martin Scorsese,Leonardo DiCaprio,Liam Neeson,Jim Broadbent,Crime Drama,gangs of new york
Yimou Zhang,Christian Bale,Ni Ni,Shigeo Kobayashi,Drama History Romance War,the flowers of war
Ash Brannon,Jeff Bridges,Zooey Deschanel,Jon Heder,Animation Comedy Family Sport,surf's up
Frank Oz,Jon Lovitz,Matthew Broderick,Roger Bart,Comedy Sci-Fi Thriller,the stepford wives
Ridley Scott,Ioan Gruffudd,Sam Shepard,Ewen Bremner,Drama History War,black hawk down
Jay Roach,Will Ferrell,Thomas Middleditch,Katherine LaNasa,Comedy,the campaign
Luc Besson,Milla Jovovich,Bruce Willis,Gary Oldman,Action Adventure Sci-Fi,the fifth element
Michael Patrick King,Chris Noth,Liza Minnelli,Kristin Davis,Comedy Drama Romance,sex and the city 2
Bibo Bergeron,Frank Welker,Rosie Perez,Elton John,Adventure Animation Comedy Family Romance,the road to el dorado
Steve Martino,Peter Dinklage,Josh Gad,Drake,Adventure Animation Comedy Family,ice age: continental drift
Kenneth Branagh,Hayley Atwell,Derek Jacobi,Lily James,Drama Family Fantasy Romance,cinderella
Peter Jackson,Michael Imperioli,AJ Michalka,Tom McCarthy,Drama Fantasy Thriller,the lovely bones
Andrew Stanton,Alexander Gould,Stephen Root,Brad Garrett,Adventure Animation Comedy Family,finding nemo
Peter Jackson,Orlando Bloom,Billy Boyd,Bernard Hill,Action Adventure Drama Fantasy,the lord of the rings: the return of the king
Peter Jackson,Christopher Lee,Orlando Bloom,Billy Boyd,Action Adventure Drama Fantasy,the lord of the rings: the two towers
Sergey Bodrov,Jeff Bridges,Djimon Hounsou,Olivia Williams,Action Adventure Fantasy,seventh son
Simon West,Angelina Jolie Pitt,Noah Taylor,Chris Barrie,Action Adventure Fantasy Thriller,lara croft: tomb raider
Wally Pfister,Johnny Depp,Morgan Freeman,Clifton Collins Jr.,Drama Mystery Romance Sci-Fi Thriller,transcendence
Joe Johnston,Michael Jeter,Trevor Morgan,Alessandro Nivola,Action Adventure Sci-Fi Thriller,jurassic park iii
Rupert Wyatt,James Franco,David Oyelowo,Tyler Labine,Action Drama Sci-Fi Thriller,rise of the planet of the apes
Mark Waters,Martin Short,Tod Fennell,Joan Plowright,Adventure Family Fantasy,the spiderwick chronicles
John Moore,Bruce Willis,Cole Hauser,Megalyn Echikunwoke,Action Thriller,a good day to die hard
John Lee Hancock,Dennis Quaid,Marc Blucas,Jordi Mollà,Drama History War Western,the alamo
Brad Bird,Holly Hunter,Craig T. Nelson,Lou Romano,Action Adventure Animation Family,the incredibles
Renny Harlin,Christopher Masterson,Frank Langella,Matthew Modine,Action Adventure Comedy,cutthroat island
Chris Columbus,Logan Lerman,Rosario Dawson,Steve Coogan,Adventure Family Fantasy,percy jackson & the olympians: the lightning thief
Barry Sonnenfeld,Will Smith,Rip Torn,Linda Fiorentino,Adventure Comedy Family Mystery Sci-Fi,men in black
John Lasseter,Tom Hanks,John Ratzenberger,Wayne Knight,Adventure Animation Comedy Family Fantasy,toy story 2
Tony Scott,Denzel Washington,Rosario Dawson,Ethan Suplee,Action Thriller,unstoppable
Brett Ratner,Mei Melançon,John Lone,Harris Yulin,Action Comedy Crime Thriller,rush hour 2
Robert Zemeckis,Harrison Ford,Amber Valletta,Miranda Otto,Drama Fantasy Horror Mystery Thriller,what lies beneath
Phil Lord,Will Forte,Bobb'e J. Thompson,Al Roker,Animation Comedy Family Sci-Fi,cloudy with a chance of meatballs
Carlos Saldanha,Denis Leary,Maile Flanagan,Kelly Keaton,Action Adventure Animation Comedy Family,ice age: dawn of the dinosaurs
Ben Stiller,Adam Scott,Adrian Martinez,Joey Slotnick,Adventure Comedy Drama Fantasy Romance,the secret life of walter mitty
McG,Bill Murray,LL Cool J,Kelly Lynch,Action Adventure Comedy Crime Thriller,charlie's angels
Martin Scorsese,Leonardo DiCaprio,Matt Damon,Ray Winstone,Crime Drama Thriller,the departed
Tony Bancroft,Ming-Na Wen,Harvey Fierstein,June Foray,Adventure Animation Family Fantasy Musical War,mulan
Ben Stiller,Robert Downey Jr.,Steve Coogan,Brandon T. Jackson,Action Comedy,tropic thunder
David Fincher,Robin Wright,Goran Visnjic,Joely Richardson,Crime Drama Mystery Thriller,the girl with the dragon tattoo
John McTiernan,Bruce Willis,Aldis Hodge,Kevin Chamberlin,Action Adventure Thriller,die hard with a vengeance
Guy Ritchie,Robert Downey Jr.,Eddie Marsan,Robert Maillet,Action Adventure Crime Mystery Thriller,sherlock holmes
Timur Bekmambetov,Morgan Freeman,Ayelet Zurer,Moises Arias,Adventure Drama History,ben-hur
Gary Trousdale,Leonard Nimoy,Jim Varney,Cree Summer,Action Adventure Animation Family Fantasy Sci-Fi,atlantis: the lost empire
Walt Becker,Bella Thorne,Joshua Mikel,Jesse McCartney,Adventure Animation Comedy Family Fantasy Music,alvin and the chipmunks: the road chip
Bryan Singer,Tom Cruise,Tom Wilkinson,Thomas Kretschmann,Drama History Thriller War,valkyrie
Dennis Dugan,Adam Sandler,Sayed Badreya,Kevin Nealon,Action Comedy,you don't mess with the zohan
Chris Columbus,Peter Dinklage,Adam Sandler,Josh Gad,Action Animation Comedy Sci-Fi,pixels
Steven Spielberg,Haley Joel Osment,William Hurt,Kevin Sussman,Adventure Drama Sci-Fi,a.i. artificial intelligence
Rob Minkoff,Marsha Thomason,Rachael Harris,Marc John Jefferies,Comedy Family Fantasy Horror Mystery,the haunted mansion
Robert Zemeckis,Matthew McConaughey,Tom Skerritt,Larry King,Drama Mystery Sci-Fi Thriller,contact
Paul Verhoeven,Greg Grunberg,Kim Dickens,Joey Slotnick,Action Horror Sci-Fi Thriller,hollow man
Sydney Pollack,Curtiss Cook,George Harris,Michael Wright,Crime Mystery Thriller,the interpreter
Thor Freudenthal,Logan Lerman,Leven Rambin,Brandon T. Jackson,Adventure Family Fantasy,percy jackson: sea of monsters
Jan de Bont,Gerard Butler,Angelina Jolie Pitt,Djimon Hounsou,Action Adventure Fantasy,lara croft tomb raider: the cradle of life
Jon M. Chu,Daniel Radcliffe,Morgan Freeman,Sanaa Lathan,Action Adventure Comedy Crime Mystery Thriller,now you see me 2
Phillip Noyce,Alun Armstrong,Michael Byrne,Velibor Topic,Action Adventure Romance Sci-Fi Thriller,the saint
Tony Scott,Brad Pitt,Stephen Dillane,Catherine McCormack,Action Crime Thriller,spy game
Brian De Palma,Don Cheadle,Connie Nielsen,Kim Delaney,Adventure Sci-Fi Thriller,mission to mars
Carlos Saldanha,Anne Hathaway,Wanda Sykes,Will.i.am,Adventure Animation Comedy Family Musical,rio
Chris Columbus,Robin Williams,Oliver Platt,John Michael Higgins,Comedy Drama Sci-Fi,bicentennial man
Mick Jackson,Don Cheadle,Anne Heche,Gaby Hoffmann,Action Drama Sci-Fi Thriller,volcano
Alan J. Pakula,Harrison Ford,Brad Pitt,Natascha McElhone,Action Crime Drama Thriller,the devil's own
Kathryn Bigelow,Liam Neeson,Christian Camargo,Lex Shrapnel,Drama History Thriller War,k-19: the widowmaker
Josh Trank,Tim Blake Nelson,Reg E. Cathey,Tim Heidecker,Action Adventure Sci-Fi,fantastic four
John Milius,William Smith,Mako,Sandahl Bergman,Adventure Fantasy,conan the barbarian
Ron Howard,Paddy Considine,Bruce McGill,Rosemarie DeWitt,Biography Drama Sport,cinderella man
Andrey Konchalovskiy,Shirley Henderson,Nathan Lane,Richard E. Grant,Action Family Fantasy Musical,the nutcracker in 3d
Gary Ross,Jeff Bridges,Michael Angarano,Michael O'Neill,Drama History Sport,seabiscuit
Jan de Bont,Philip Seymour Hoffman,Alan Ruck,Jami Gertz,Action Adventure Drama Thriller,twister
Rob Cohen,Paul Walker,Vin Diesel,Jordana Brewster,Action Crime Thriller,the fast and the furious
Robert Zemeckis,Tom Hanks,Paul Sanchez,Nick Searcy,Adventure Drama Romance,cast away
George Miller,Robin Williams,Hugh Jackman,Elizabeth Daily,Animation Comedy Family Music Romance,happy feet
Paul Greengrass,Matt Damon,Joan Allen,Oksana Akinshina,Action Mystery Thriller,the bourne supremacy
Wolfgang Petersen,Harrison Ford,Gary Oldman,Dean Stockwell,Action Adventure Drama Thriller,air force one
Steven Soderbergh,Brad Pitt,Bernie Mac,Elliott Gould,Crime Thriller,ocean's eleven
Paul W.S. Anderson,Milla Jovovich,Logan Lerman,Orlando Bloom,Action Adventure Romance,the three musketeers
Genndy Tartakovsky,Steve Buscemi,Adam Sandler,Jon Lovitz,Animation Comedy Family Fantasy,hotel transylvania
Kevin Lima,Jeff Bennett,Teala Dunn,Fred Tatasciore,Animation Comedy Family Fantasy Musical Romance,enchanted
unknown,Caroline Dhavernas,Scott Thompson,Hettienne Park,Crime Drama Horror Mystery Thriller,hannibal            
Daniel Espinosa,Denzel Washington,Ryan Reynolds,Sam Shepard,Action Crime Mystery Thriller,safe house
Kevin Lima,Ioan Gruffudd,Eric Idle,Jim Carter,Adventure Comedy Family,102 dalmatians
Brett Ratner,Matthew Broderick,Gabourey Sidibe,Judd Hirsch,Action Comedy Crime,tower heist
Nancy Meyers,Kate Winslet,Rufus Sewell,Sarah Parish,Comedy Romance,the holiday
Tony Scott,Will Smith,Jake Busey,Lisa Bonet,Action Crime Drama Mystery Thriller,enemy of the state
Nancy Meyers,Meryl Streep,Hunter Parrish,Zoe Kazan,Comedy Drama Romance,it's complicated
Steven Soderbergh,Al Pacino,Matt Damon,Brad Pitt,Crime Thriller,ocean's thirteen
Roger Allers,Jon Favreau,Debra Messing,Jane Krakowski,Adventure Animation Comedy Family,open season
Neil Burger,Kate Winslet,Theo James,Mekhi Phifer,Adventure Mystery Sci-Fi,divergent
Jean-Jacques Annaud,Bob Hoskins,Gabriel Thomson,Clemens Schick,Drama History War,enemy at the gates
Peter Berg,Dwayne Johnson,Rosario Dawson,Ewen Bremner,Action Adventure Comedy Thriller,the rundown
John McTiernan,F. Murray Abraham,Tom Noonan,Joan Plowright,Action Adventure Comedy Fantasy,last action hero
Rob Marshall,Li Gong,Mako,Karl Yune,Drama Romance,memoirs of a geisha
Justin Lin,Amber Stevens West,Zachery Ty Bryan,Nikki Griffin,Action Crime Thriller,the fast and the furious: tokyo drift
Sarah Smith,Jim Broadbent,Imelda Staunton,Michael Palin,Adventure Animation Comedy Family Fantasy,arthur christmas
Martin Brest,Anthony Hopkins,Brad Pitt,Jake Weber,Drama Fantasy Romance,meet joe black
Andrew Davis,Raymond Cruz,Rick Worthy,Jsu Garcia,Action Drama Thriller,collateral damage
Bob Fosse,Roy Scheider,Ben Vereen,Max Wright,Comedy Drama Music Musical,all that jazz
Tarsem Singh,Julia Roberts,Nathan Lane,Danny Woodburn,Adventure Comedy Drama Family Fantasy,mirror mirror
Edgar Wright,Anna Kendrick,Kieran Culkin,Ellen Wong,Action Comedy Fantasy Romance,scott pilgrim vs. the world
Jon Amiel,Glenn Morshower,Tchéky Karyo,Rekha Sharma,Action Adventure Sci-Fi Thriller,the core
Peter Segal,Larry Miller,Janet Jackson,Chris Elliott,Comedy Romance Sci-Fi,nutty professor ii: the klumps
Raja Gosnell,Sarah Michelle Gellar,Linda Cardellini,Miguel A. Núñez Jr.,Adventure Comedy Mystery,scooby-doo
Pete Travis,Wood Harris,Jason Cope,Rakie Ayola,Action Sci-Fi,dredd
Frank Coraci,Adam Sandler,Cameron Monaghan,Julie Kavner,Comedy Drama Fantasy Romance,click
George A. Romero,Ted Danson,Hal Holbrook,Adrienne Barbeau,Comedy Fantasy Horror,creepshow
Brad Peyton,Jack McBrayer,Sean Hayes,Katt Williams,Action Comedy Family Fantasy,cats & dogs: the revenge of kitty galore
Doug Liman,Kristen Stewart,Hayden Christensen,Tom Hulce,Action Adventure Sci-Fi Thriller,jumper
Guillermo del Toro,Seth MacFarlane,Iván Kamarás,Brian Steele,Action Adventure Fantasy Horror Sci-Fi,hellboy ii: the golden army
David Fincher,Robert Downey Jr.,Jake Gyllenhaal,Anthony Edwards,Crime Drama History Mystery Thriller,zodiac
Roger Spottiswoode,Robert Duvall,Michael Rapaport,Tony Goldwyn,Action Mystery Sci-Fi Thriller,the 6th day
Tom Shadyac,Morgan Freeman,Steve Carell,Lisa Ann Walter,Comedy Drama,bruce almighty
Sylvester Stallone,Jason Statham,Sylvester Stallone,Jet Li,Action Adventure Thriller,the expendables
Brian De Palma,Tom Cruise,Kristin Scott Thomas,Vanessa Redgrave,Action Adventure Thriller,mission: impossible
Gary Ross,Jennifer Lawrence,Josh Hutcherson,Anthony Reynolds,Adventure Drama Sci-Fi Thriller,the hunger games
Todd Phillips,Bradley Cooper,Mason Lee,Mike Tyson,Comedy,the hangover part ii
Tim Burton,Michael Gough,Vincent Schiavelli,Andrew Bryniarski,Action,batman returns
Tim Johnson,Bruce Willis,Steve Carell,Catherine O'Hara,Adventure Animation Comedy Family,over the hedge
Dean DeBlois,Tia Carrere,Jason Scott Lee,David Ogden Stiers,Adventure Animation Comedy Drama Family Fantasy Sci-Fi,lilo & stitch
Gary Winick,Steve Buscemi,Julia Roberts,Oprah Winfrey,Comedy Family Fantasy,charlotte's web
Mimi Leder,Morgan Freeman,Jon Favreau,Robert Duvall,Action Drama Romance Sci-Fi Thriller,deep impact
Dean Parisot,Bruce Willis,Anthony Hopkins,Garrick Hagon,Action Comedy Crime Thriller,red 2
Peter Segal,Adam Sandler,Steve Reevis,Dalip Singh,Comedy Crime Sport,the longest yard
Mike Mitchell,Amy Poehler,Jesse McCartney,Lauren Gottlieb,Adventure Animation Comedy Family Fantasy Music,alvin and the chipmunks: chipwrecked
Dennis Dugan,Steve Buscemi,Adam Sandler,Jon Lovitz,Comedy,grown ups 2
Peter Segal,Bill Murray,Dwayne Johnson,Anne Hathaway,Action Adventure Comedy,get smart
Nancy Meyers,Keanu Reeves,Jon Favreau,Paul Michael Glaser,Comedy Drama Romance,something's gotta give
Martin Scorsese,Leonardo DiCaprio,Joseph Sikora,Nellie Sciutto,Mystery Thriller,shutter island
Seth Gordon,Jon Favreau,Robert Duvall,Katy Mixon,Comedy Drama Romance,four christmases
Chris Wedge,Jim Broadbent,Drew Carey,Paula Abdul,Adventure Animation Comedy Family Sci-Fi,robots
John Woo,Nicolas Cage,CCH Pounder,Joan Allen,Action Crime Sci-Fi Thriller,face/off
Adam Shankman,Adam Sandler,Carmen Electra,Kathryn Joosten,Comedy Family Fantasy Romance,bedtime stories
Sam Mendes,Tom Hanks,Jennifer Jason Leigh,Liam Aiken,Crime Drama Thriller,road to perdition
Dennis Dugan,Adam Sandler,Bailee Madison,Kevin Nealon,Comedy Romance,just go with it
unknown,Elden Henson,Royce Johnson,Charlie Cox,Action Adventure Crime Drama Sci-Fi Thriller,daredevil            
Simon West,Steve Buscemi,Monica Potter,Dave Chappelle,Action Crime Thriller,con air
D.J. Caruso,Rosario Dawson,Ethan Embry,Cameron Boyce,Action Mystery Thriller,eagle eye
Anthony Minghella,Philip Seymour Hoffman,Natalie Portman,Charlie Hunnam,Adventure Drama History Romance War,cold mountain
Albert Hughes,Denzel Washington,Mila Kunis,Gary Oldman,Action Adventure Drama Thriller,the book of eli
Les Mayfield,Robin Williams,Jodi Benson,Sam Lloyd,Comedy Family Sci-Fi,flubber
Jan de Bont,Liam Neeson,Lili Taylor,Virginia Madsen,Fantasy Horror Mystery Thriller,the haunting
Joe Pytka,Bill Murray,Wayne Knight,Michael Jordan,Adventure Animation Comedy Family Fantasy Sci-Fi Sport,space jam
Shawn Levy,Roger Rees,Henry Czerny,William Abadie,Adventure Comedy Crime Family Mystery,the pink panther
Scott Derrickson,Keanu Reeves,Jon Hamm,Juan Riedinger,Drama Sci-Fi Thriller,the day the earth stood still
Richard Donner,Julia Roberts,Alex McArthur,Michael Potts,Action Crime Mystery Romance Thriller,conspiracy theory
David Ayer,Brad Pitt,Logan Lerman,Jim Parrack,Action Drama War,fury
Ivan Reitman,Harrison Ford,Anne Heche,Amy Sedaris,Action Adventure Comedy Romance,six days seven nights
Eric Brevig,Justin Timberlake,Tom Cavanagh,Josh Robert Thompson,Adventure Animation Comedy Family,yogi bear
Kelly Asbury,Matt Damon,Charles Napier,Zahn McClarnon,Adventure Animation Family Western,spirit: stallion of the cimarron
Frank Coraci,Rosario Dawson,Leslie Bibb,Nicholas Turturro,Comedy Family Romance,zookeeper
Stephen Hopkins,Gary Oldman,William Hurt,June Lockhart,Action Adventure Family Sci-Fi Thriller,lost in space
Jonathan Demme,Denzel Washington,Dorian Missick,Jose Pablo Cantillo,Drama Mystery Sci-Fi Thriller,the manchurian candidate
Henry Jaglom,Vanessa Redgrave,Stephen Dillane,Michael Brandon,Drama Romance,déjà vu
Genndy Tartakovsky,Steve Buscemi,Adam Sandler,Fran Drescher,Animation Comedy Family Fantasy,hotel transylvania 2
unknown,Elizabeth Montgomery,Agnes Moorehead,Dick York,Comedy Family Fantasy,bewitched            
James Algar,Quincy Jones,Penn Jillette,Russi Taylor,Animation Family Fantasy Music,fantasia 2000
Simon Wells,Mark Addy,Alan Young,Josh Stamberg,Action Adventure Sci-Fi,the time machine
Ron Underwood,Charlize Theron,Mika Boorem,David Paymer,Action Adventure Family Fantasy Thriller,mighty joe young
Dominic Sena,Hugh Jackman,Don Cheadle,Sam Shepard,Action Crime Thriller,swordfish
Martin Campbell,Michael Emerson,Nick Chinlund,Adrian Alonso,Action Adventure Western,the legend of zorro
Vincent Ward,Robin Williams,Annabella Sciorra,Rosalind Chao,Drama Fantasy Romance,what dreams may come
Steven Brill,Adam Sandler,Jon Lovitz,Michael McKean,Comedy Fantasy,little nicky
Terry Gilliam,Matt Damon,Heath Ledger,Mackenzie Crook,Action Adventure Comedy Fantasy Thriller,the brothers grimm
Tim Burton,Natalie Portman,Martin Short,Lukas Haas,Action Comedy Sci-Fi,mars attacks!
Lucile Hadzihalilovic,Nissim Renard,Roxane Duran,Julie-Marie Parmentier,Drama Horror Mystery Sci-Fi,evolution
Lee Tamahori,Anthony Hopkins,Harold Perrineau,Bart the Bear,Action Adventure Drama Thriller,the edge
Jonathan Mostow,Bruce Willis,Devin Ratray,Boris Kodjoe,Action Sci-Fi Thriller,surrogates
Roger Donaldson,Bruce Greenwood,Jon Foster,Bruce Thomas,Drama History Thriller,thirteen days
Rob Cohen,Sylvester Stallone,Viggo Mortensen,Amy Brenneman,Action Adventure Drama Thriller,daylight
Barry Cook,Charlie Rowe,Tiya Sircar,Madison Rothschild,Adventure Animation Family,walking with dinosaurs 3d
Roger Christian,Richard Tyson,Michael Byrne,John Topor,Action Adventure Sci-Fi,battlefield earth
Joe Dante,Brendan Fraser,Jenna Elfman,Heather Locklear,Adventure Animation Comedy Family Fantasy Sci-Fi,looney tunes: back in action
Rob Marshall,Fergie,Elio Germano,Andrea Di Stefano,Drama Musical Romance,nine
Richard Donner,Paul Walker,Gerard Butler,Ethan Embry,Action Adventure Sci-Fi,timeline
Kevin Costner,Olivia Williams,Brian Anthony Wilson,Larenz Tate,Action Adventure Drama Sci-Fi,the postman
