Title,Date
"Turning Point: The Bomb and the Cold War: Season 1: The End of History","23/03/24"
"Turning Point: The Bomb and the Cold War: Season 1: Empire Is Untenable","23/03/24"
"Turning Point: The Bomb and the Cold War: Season 1: War Games","23/03/24"
"Secret City: Beware of the Jabberwock","23/03/24"
"Turning Point: The Bomb and the Cold War: Season 1: The Wall","22/03/24"
"Turning Point: 9/11 and the War on Terror: Limited Series: The System Was Blinking Red","22/03/24"
"Turning Point: 9/11 and the War on Terror: Limited Series: A Place of Danger","22/03/24"
"Turning Point: 9/11 and the War on Terror: Limited Series: The Dark Side","22/03/24"
"Fighter","22/03/24"
"3 Body Problem: Season 1: Wallfacer","21/03/24"
"3 Body Problem: Season 1: Only Advance","21/03/24"
"3 Body Problem: Season 1: The Stars Our Destination","21/03/24"
"3 Body Problem: Season 1: Judgment Day","21/03/24"
"3 Body Problem: Season 1: Our Lord","21/03/24"
"3 Body Problem: Season 1: Destroyer of Worlds","21/03/24"
"3 Body Problem: Season 1: Red Coast","21/03/24"
"3 Body Problem: Season 1: Countdown","21/03/24"
"Turning Point: The Bomb and the Cold War: Season 1: Institutional Insanity","17/03/24"
"Turning Point: The Bomb and the Cold War: Season 1: Poisoning the Soil","16/03/24"
"Turning Point: The Bomb and the Cold War: Season 1: The Sun Came Up Tremendous","15/03/24"
"Damsel","10/03/24"
"The Signal: Limited Series: Departure","09/03/24"
"The Signal: Limited Series: Black Box","09/03/24"
"The Signal: Limited Series: Paula","09/03/24"
"The Signal: Limited Series: Vanished","09/03/24"
"Another Life: Season 1: Through the Valley of Shadows","07/03/24"
"Another Life: Season 1: Across the Universe","07/03/24"
"Stowaway","07/03/24"
"The Last Airbender","26/02/24"
"Avatar The Last Airbender: Season 1: Legends","26/02/24"
"Avatar The Last Airbender: Season 1: The North","26/02/24"
"Avatar The Last Airbender: Season 1: Masks","26/02/24"
"Avatar The Last Airbender: Season 1: Spirited Away","26/02/24"
"Avatar The Last Airbender: Season 1: Into the Dark","26/02/24"
"Avatar The Last Airbender: Season 1: Omashu","26/02/24"
"Avatar The Last Airbender: Season 1: Warriors","26/02/24"
"Avatar The Last Airbender: Season 1: Aang","26/02/24"
"Dune","23/02/24"
"No Hard Feelings","23/02/24"
"Mother/Android","20/02/24"
"In the Shadow of the Moon","20/02/24"
"Ashes","14/02/24"
"Obliterated: Season 1: Real American Heroes","09/02/24"
"WILL","09/02/24"
"Munich","03/02/24"
"Hi Papa (Hindi)","31/01/24"
"Animal","30/01/24"
"The Old Guard","30/01/24"
"The Boy Who Harnessed the Wind","30/01/24"
"The To Do List","30/01/24"
"The Ruthless","30/01/24"
"Mission Raniganj: The Great Bharat Rescue","30/01/24"
"Spy Ops: Season 1: Operation Jawbreaker","30/01/24"
"Spectral","30/01/24"
"Ehrengard: The Art of Seduction","29/01/24"
"Vir Das: Landing","29/01/24"
"Lady Voyeur: Limited Series: Fragmented","27/01/24"
"Lady Voyeur: Limited Series: Every Action Has a Reaction","27/01/24"
"Lady Voyeur: Limited Series: The Year I Lived Two Lives","27/01/24"
"Burning Betrayal","27/01/24"
"Kho Gaye Hum Kahan","26/01/24"
"Elite: Season 2: 36 hours missing","25/01/24"
"The Naked Director: Season 1: The Hidden Side","25/01/24"
"The Matrix Resurrections","25/01/24"
"Leave the World Behind","24/01/24"
"Agatha Christie's Crooked House","24/01/24"
"Army of Thieves","21/01/24"
"Army of the Dead","21/01/24"
"Infinite","18/01/24"
"Through My Window 2: Across the Sea","17/01/24"
"Happy Ending","17/01/24"
"Paradise","17/01/24"
"Devotion, a Story of Love and Desire: Season 1: Episode 1","14/01/24"
"Love is Blind: Sweden: Season 1: The Pods Are Now Open!","14/01/24"
"Young Sheldon: Season 1: Poker, Faith, and Eggs","14/01/24"
"Young Sheldon: Season 1: Rockets, Communists, and the Dewey Decimal System","14/01/24"
"Young Sheldon: Season 1: Pilot","14/01/24"
"New Amsterdam: Season 1: Pilot","14/01/24"
"The Red Sea Diving Resort","13/01/24"
"Obsession: Limited Series: Episode 1","13/01/24"
"Operation Finale","13/01/24"
"The Outfit","13/01/24"
"Thackeray (Hindi)","13/01/24"
"Outside In","13/01/24"
"Society of the Snow","13/01/24"
"Ares: Season 1: Episode 1","31/12/23"
"Sajini Shinde Ka Viral Video","31/12/23"
"Aquaman","26/12/23"
"Rebel Moon — Part One: A Child of Fire","23/12/23"
"Midnight Mass: Limited Series: Book I: Genesis","10/12/23"
"The Equalizer 3","04/12/23"
"World's Most Wanted: Season 1: Samantha Lewthwaite: The White Widow","29/11/23"
"Web of Make Believe: Death, Lies and the Internet: Season 1: Death by SWAT","29/11/23"
"Crime Stories: India Detectives: Limited Series: A Murdered Mother","29/11/23"
"Tonight You're Sleeping with Me","18/11/23"
"The Killer","16/11/23"
"Gandu","16/11/23"
"Jawan: Extended Cut","14/11/23"
"Agent Game","08/11/23"
"Lost in Space: Season 1: Infestation","02/11/23"
"Lost in Space: Season 1: Diamonds In The Sky","30/10/23"
"Terrorism Close Calls: Season 1: German Jihad & The EURO Plot","29/10/23"
"Rich in Love 2","29/10/23"
"Fauda: Season 1: Episode 1","29/10/23"
"Kaala Paani: Season 1: Darwin's Bay","28/10/23"
"Kaala Paani: Season 1: Forefathers","28/10/23"
"Kaala Paani: Season 1: The Immortal Being","28/10/23"
"Kaala Paani: Season 1: Eraba Reta Mono","28/10/23"
"Kaala Paani: Season 1: Garjen","28/10/23"
"Kaala Paani: Season 1: The Switch","28/10/23"
"Kaala Paani: Season 1: Nature Wins","28/10/23"
"The Angel","26/10/23"
"Lost in Space: Season 1: Impact","20/10/23"
"Khufiya","18/10/23"
"OMG 2","16/10/23"
"The 7 Lives of Lea: Limited Series: June 15th","08/10/23"
"Triptych: Season 1: 33 x 3","08/10/23"
"1899: Season 1: The Fight","08/10/23"
"Echoes: Limited Series: Home","08/10/23"
"1899: Season 1: The Fog","08/10/23"
"1899: Season 1: The Boy","08/10/23"
"Preacher: Season 1: The Possibilities","07/10/23"
"Preacher: Season 1: See","07/10/23"
"1899: Season 1: The Ship","07/10/23"
"Preacher: Season 1: Pilot","07/10/23"
"Lupin: Part 1: Chapter 1","06/10/23"
"Archive 81: Season 1: What Lies Beneath","06/10/23"
"Archive 81: Season 1: The Ferryman","05/10/23"
"Archive 81: Season 1: The Circle","05/10/23"
"Archive 81: Season 1: Through the Looking Glass","05/10/23"
"Archive 81: Season 1: Spirit Receivers","05/10/23"
"Archive 81: Season 1: Terror in the Aisles","05/10/23"
"Archive 81: Season 1: Wellspring","04/10/23"
"Archive 81: Season 1: Mystery Signals","04/10/23"
"Inside Bill's Brain: Decoding Bill Gates: Limited Series: Part 3","04/10/23"
"Inside Bill's Brain: Decoding Bill Gates: Limited Series: Part 2","04/10/23"
"Inside Bill's Brain: Decoding Bill Gates: Limited Series: Part 1","03/10/23"
"Outlander: Season 5: Journeycake","01/10/23"
"Unsolved Mysteries: Volume 3: Mystery at Mile Marker 45","01/10/23"
"Top Secret UFO Projects: Declassified: Season 1: Hacked and Leaked","01/10/23"
"Encounters: Season 1: Messengers","01/10/23"
"Reptile","01/10/23"
"Snowpiercer: Season 1: First, the Weather Changed","01/10/23"
"Unbelievable: Limited Series: Episode 1","01/10/23"
"Uyire","01/10/23"
"Haunted: Season 3: Haunted by Henry","01/10/23"
"Haunted: Season 3: In the Pines","01/10/23"
"Haunted: Season 1: Stolen Gravestone","01/10/23"
"Black Money Love: Season 1: Episode 1","01/10/23"
"The Blacklist: Season 5: Smokey Putnum (No. 30)","30/09/23"
"Encounters: Season 1: Lights Over Fukushima","30/09/23"
"Encounters: Season 1: The Broad Haven Triangle","30/09/23"
"Encounters: Season 1: Believers","30/09/23"
"The Blacklist: Season 9: The SPK (No. 178)","30/09/23"
"The Blacklist: Season 2: Dr. Linus Creel (No. 82)","29/09/23"
"The Blacklist: Season 9: The Skinner (No. 45): Conclusion","29/09/23"
"The Blacklist: Season 9: The Skinner (No. 45)","29/09/23"
"The Blacklist: Season 2: Dr. James Covington (No. 89)","29/09/23"
"The Blacklist: Season 2: Monarch Douglas Bank (No. 112)","29/09/23"
"The Blacklist: Season 2: Lord Baltimore (No. 104)","29/09/23"
"The Blacklist: Season 1: Berlin (No. 8): Conclusion","29/09/23"
"The Blacklist: Season 1: Berlin (No. 8)","29/09/23"
"The Blacklist: Season 1: The Kingmaker (No. 42)","29/09/23"
"The Blacklist: Season 1: The Pavlovich Brothers (No. 119-122)","29/09/23"
"The Office (U.S.): Season 1: Pilot","29/09/23"
"Dead to Me: Season 1: Pilot","29/09/23"
"The Blacklist: Season 1: Milton Bobbit (No. 135)","29/09/23"
"The Blacklist: Season 1: Ivan (No. 88)","29/09/23"
"The Blacklist: Season 1: Mako Tanida (No. 83)","29/09/23"
"The Blacklist: Season 1: The Judge (No. 57)","29/09/23"
"The Blacklist: Season 1: Madeline Pratt (No. 73)","29/09/23"
"The Blacklist: Season 1: The Cyprus Agency (No. 64)","29/09/23"
"The Blacklist: Season 1: The Alchemist (No. 101)","29/09/23"
"The Blacklist: Season 1: The Good Samaritan (No. 106)","28/09/23"
"The Blacklist: Season 1: Anslo Garrick (No. 16): Part 1","28/09/23"
"The Blacklist: Season 1: General Ludd (No. 109)","28/09/23"
"The Blacklist: Season 1: Frederick Barnes (No. 47)","28/09/23"
"The Blacklist: Season 1: Gina Zanetakos (No. 152)","28/09/23"
"The Blacklist: Season 1: The Courier (No. 85)","28/09/23"
"The Blacklist: Season 1: The Stewmaker (No. 161)","28/09/23"
"The Blacklist: Season 1: Wujing (No. 84)","28/09/23"
"The Alienist: Silver Smile","28/09/23"
"MINDHUNTER: Season 1: Episode 1","28/09/23"
"365 Days","28/09/23"
"Fifty Shades Freed","28/09/23"
"Better Call Saul: Season 1: Uno","28/09/23"
"The Blacklist: Season 1: The Freelancer (No. 145)","28/09/23"
"The Blacklist: Season 1: Pilot","28/09/23"
"The Blacklist: Season 8: Konets","27/09/23"
"The Blacklist: Season 8: Nachalo","27/09/23"
"The Blacklist: Season 8: Elizabeth Keen (no. 1)","27/09/23"
"The Blacklist: Season 8: 16 Ounces","27/09/23"
"The Blacklist: Season 8: Katarina Rostova (no. 3): Conclusion","27/09/23"
"The Blacklist: Season 7: The Kazanjian Brothers","27/09/23"
"The Blacklist: Season 8: Roanoke (no. 139)","27/09/23"
"The Blacklist: Season 7: Roy Cain (No. 150)","27/09/23"
"The Blacklist: Season 7: Brothers","27/09/23"
"The Blacklist: Season 7: Nyle Hatcher (No. 149)","27/09/23"
"The Blacklist: Season 7: Gordon Kemp (No. 158)","27/09/23"
"The Blacklist: Season 7: Twamie Ullulaq (No. 126)","27/09/23"
"The Blacklist: Season 7: Newton Purcell (No. 144)","27/09/23"
"The Blacklist: Season 7: Cornelius Ruck (No. 155)","27/09/23"
"The Blacklist: Season 7: Victoria Fenberg (No. 137)","27/09/23"
"The Blacklist: Season 7: Katarina Rostova (No. 3)","27/09/23"
"The Blacklist: Season 7: Orion Relocation Services (No. 159)","27/09/23"
"The Invisible Guardian","27/09/23"
"The Blacklist: Season 7: The Hawaladar (No. 162)","26/09/23"
"The Blacklist: Season 7: Hannah Hayes (No. 125)","26/09/23"
"The Blacklist: Season 7: Dr. Lewis Powell (No. 130)","26/09/23"
"The Blacklist: Season 7: Les Fleurs Du Mal (No. 151)","26/09/23"
"The Blacklist: Season 7: Kuwait","26/09/23"
"The Blacklist: Season 7: Norman Devane (No. 138)","26/09/23"
"The Blacklist: Season 7: Louis T. Steinhil (No. 27): Conclusion","26/09/23"
"The Blacklist: Season 7: Louis T. Steinhil (No. 27)","26/09/23"
"The Blacklist: Season 6: Robert Diaz (No. 15)","26/09/23"
"The Blacklist: Season 6: Anna McMahon (No. 60)","26/09/23"
"The Blacklist: Season 6: Guillermo Rizal (No. 128)","26/09/23"
"The Blacklist: Season 6: Rassvet","26/09/23"
"The Blacklist: Season 6: The Brockton College Killer (No. 92)","26/09/23"
"The Blacklist: Season 6: The Third Estate (No. 136)","26/09/23"
"The Blacklist: Season 6: Lady Luck (No. 69)","25/09/23"
"The Blacklist: Season 6: Olivia Olson (No. 115)","25/09/23"
"The Blacklist: Season 6: The Osterman Umbrella Company (No. 6)","25/09/23"
"The Blacklist: Season 6: Robert Vesco (No. 9)","25/09/23"
"The Blacklist: Season 6: Bastien Moreau (no. 20): Conclusion","25/09/23"
"Designated Survivor: Season 2: Three Letter Day","25/09/23"
"The Blacklist: Season 6: Bastien Moreau (no. 20)","25/09/23"
"The Blacklist: Season 6: The Cryptobanker (No. 160)","25/09/23"
"The Blacklist: Season 6: Minister D (No. 99)","25/09/23"
"The Blacklist: Season 6: Marko Jankowics (No. 58)","25/09/23"
"The Blacklist: Season 6: General Shiro (No. 116)","25/09/23"
"The Blacklist: Season 6: The Ethicist (No. 91)","25/09/23"
"The Blacklist: Season 6: Alter Ego (No. 131)","25/09/23"
"The Blacklist: Season 6: The Pawnbrokers (No. 146/147)","24/09/23"
"The Blacklist: Season 6: The Pharmacist (No. 124)","24/09/23"
"The Blacklist: Season 6: The Corsican (No. 20)","24/09/23"
"The Blacklist: Season 6: Dr. Hans Koehler (No. 33)","24/09/23"
"The Blacklist: Season 5: Sutton Ross (No. 17)","24/09/23"
"The Blacklist: Season 5: Lawrence Dane Devlin (No. 26)","24/09/23"
"The Blacklist: Season 5: Nicholas T. Moore (No. 110)","24/09/23"
"The Blacklist: Season 5: Ian Garvey (No. 13): Conclusion","24/09/23"
"The Blacklist: Season 5: Zarak Mosadek (No. 23)","24/09/23"
"The Blacklist: Season 5: Anna-Garcia Duerte (No. 25)","24/09/23"
"The Blacklist: Season 5: The Capricorn Killer (No. 19)","24/09/23"
"The Blacklist: Season 5: Pattie Sue Edwards (No. 68)","24/09/23"
"The Blacklist: Season 5: Raleigh Sinclair III (No. 51)","24/09/23"
"The Blacklist: Season 5: The Invisible Hand","24/09/23"
"The Blacklist: Season 5: The Cook (No. 56)","24/09/23"
"The Blacklist: Season 5: Abraham Stern (No. 100)","23/09/23"
"The Blacklist: Season 5: The Informant (No. 118)","23/09/23"
"The Blacklist: Season 5: Ruin","23/09/23"
"The Blacklist: Season 5: Ian Garvey (No. 13)","23/09/23"
"The Blacklist: Season 5: The Killgannon Corporation (No. 48)","23/09/23"
"The Blacklist: Season 5: The Travel Agency (No. 90)","23/09/23"
"The Blacklist: Season 5: Ilyas Surkov (No. 54)","23/09/23"
"The Blacklist: Season 5: The Endling (No. 44)","23/09/23"
"The Blacklist: Season 5: Greyson Blaise (No. 37)","23/09/23"
"The Blacklist: Season 5: Miss Rebecca Thrall (No. 76)","23/09/23"
"The Blacklist: Season 4: Mr. Kaplan (No. 4): Conclusion","23/09/23"
"The Blacklist: Season 4: Mr. Kaplan (No. 4)","23/09/23"
"The Blacklist: Season 4: The Debt Collector (No. 46)","22/09/23"
"The Blacklist: Season 4: Dr. Bogdan Krilov (No. 29)","22/09/23"
"The Blacklist: Season 4: Dembe Zuma (No. 10)","22/09/23"
"The Blacklist: Season 4: Philomena (No. 61)","22/09/23"
"The Blacklist: Season 4: Requiem","22/09/23"
"The Blacklist: Season 4: The Apothecary (No. 59)","22/09/23"
"The Blacklist: Season 4: The Architect (No. 107)","22/09/23"
"The Blacklist: Season 4: Isabella Stone (No. 34)","22/09/23"
"The Blacklist: Season 4: Lipet's Seafood Company (No. 111)","22/09/23"
"The Blacklist: Season 4: Natalie Luca (No. 184)","22/09/23"
"The Blacklist: Season 4: The Harem (No. 102)","22/09/23"
"The Blacklist: Season 4: The Forecaster (No. 163)","22/09/23"
"The Blacklist: Season 4: Dr. Adrian Shaw (No. 98): Conclusion","21/09/23"
"The Blacklist: Season 4: Dr. Adrian Shaw (No. 98)","21/09/23"
"The Blacklist: Season 4: The Thrushes (No. 53)","21/09/23"
"The Blacklist: Season 4: The Lindquist Concern (No. 105)","21/09/23"
"The Blacklist: Season 4: Gaia (No. 81)","21/09/23"
"The Blacklist: Season 4: Miles McGrath (No. 65)","21/09/23"
"The Blacklist: Season 4: Mato (No. 66)","21/09/23"
"The Blacklist: Season 4: Esteban (No. 79)","21/09/23"
"The Blacklist: Season 3: Alexander Kirk (No. 14): Conclusion","21/09/23"
"The Blacklist: Season 3: Alexander Kirk (No. 14)","21/09/23"
"The Blacklist: Season 3: Susan Hargrave","21/09/23"
"The Blacklist: Season 3: The Artax Network","21/09/23"
"The Blacklist: Season 3: Cape May","21/09/23"
"The Blacklist: Season 3: Mr. Solomon (No. 32): The Conclusion","20/09/23"
"The Blacklist: Season 3: Mr. Solomon (No. 32)","20/09/23"
"The Blacklist: Season 3: The Caretaker (No. 78)","20/09/23"
"The Blacklist: Season 3: Lady Ambrosia (No. 77)","20/09/23"
"The Blacklist: Season 3: Drexel (No. 113)","20/09/23"
"The Blacklist: Season 3: Alistair Pitt (No. 103)","20/09/23"
"The Midnight Sky","20/09/23"
"The Blacklist: Season 3: The Vehm (No. 132)","20/09/23"
"The Blacklist: Season 3: Mr. Gregory Devry (No. 95)","20/09/23"
"The Blacklist: Season 3: The Director (No. 24): Conclusion","20/09/23"
"The Blacklist: Season 3: The Director (No. 24)","20/09/23"
"The Blacklist: Season 3: Kings Of The Highway (No. 108)","20/09/23"
"The Blacklist: Season 3: Zal Bin Hasaan (No. 31)","20/09/23"
"The Blacklist: Season 3: Sir Crispin Crandall (No. 86)","19/09/23"
"The Blacklist: Season 3: Arioch Cain (No. 50)","19/09/23"
"The Blacklist: Season 3: The Djinn (No. 43)","19/09/23"
"The Blacklist: Season 3: Eli Matchett (No. 72)","19/09/23"
"The Blacklist: Season 3: Marvin Gerard (No. 80)","19/09/23"
"The Blacklist: Season 3: The Troll Farmer (No. 38)","19/09/23"
"The Blacklist: Season 2: Tom Connolly (No. 11)","19/09/23"
"The Blacklist: Season 2: Karakurt (No. 55)","19/09/23"
"The Blacklist: Season 2: Quon Zhang (No. 87)","19/09/23"
"The Blacklist: Season 2: Leonard Caul (No. 62)","19/09/23"
"The Blacklist: Season 2: Vanessa Cruz (No. 117)","19/09/23"
"The Blacklist: Season 2: The Longevity Initiative (No. 97)","19/09/23"
"The Blacklist: Season 2: Tom Keen (No. 7)","19/09/23"
"The Blacklist: Season 2: The Major (No. 75)","19/09/23"
"The Blacklist: Season 2: T. Earl King VI (No. 94)","18/09/23"
"The Blacklist: Season 2: The Deer Hunter (No. 93)","18/09/23"
"The Blacklist: Season 2: The Kenyon Family (No. 71)","18/09/23"
"The Blacklist: Season 2: Ruslan Denisov (No. 67)","18/09/23"
"The Blacklist: Season 2: Luther Braxton (No. 21): Conclusion","18/09/23"
"The Blacklist: Season 2: Luther Braxton (No. 21)","18/09/23"
"The Blacklist: Season 2: The Decembrist (No. 12)","18/09/23"
"The Blacklist: Season 2: The Scimitar (No. 22)","18/09/23"
"The Blacklist: Season 2: The Front (No. 74)","18/09/23"
"The Blacklist: Season 2: The Mombasa Cartel (No. 114)","18/09/23"
"The Chosen: Season 1: I Have Called You By Name","17/09/23"
"The Blacklist: Season 1: Anslo Garrick (No. 16): Part 2","16/09/23"
"Cursed: Season 1: Nimue","16/09/23"
"Star Trek: The Next Generation: Season 1: Encounter at Farpoint: Parts 1 & 2","15/09/23"
"Top Secret UFO Projects: Declassified: Season 1: After Disclosure","15/09/23"
"Top Secret UFO Projects: Declassified: Season 1: Soviet Secrets","15/09/23"
"Headspace: Unwind Your Mind","15/09/23"
"21","15/09/23"
"IO","15/09/23"
"Beyond Skyline","15/09/23"
"Away: Season 1: Go","15/09/23"
"JUNG_E","14/09/23"
"Brave New World: Season 1: Pilot","14/09/23"
"Orbiter 9","14/09/23"
"ARQ","14/09/23"
"Pine Gap: Season 1: Episode 2","14/09/23"
"Pine Gap: Season 1: Episode 1","14/09/23"
"Interceptor","14/09/23"
"SAS: Rise of the Black Swan","14/09/23"
"The World of the Married: Season 1: Episode 1","14/09/23"
"Earthstorm: Season 1: Tornado","14/09/23"
"A Quiet Place Part II","14/09/23"
"The Legacy of the Bones","14/09/23"
"The Ghost (Hindi)","14/09/23"
"GODZILLA City on the Edge of Battle","14/09/23"
"Now You See Me 2","13/09/23"
"Take Your Pills: Xanax","13/09/23"
"Crisis","13/09/23"
"13 Hours: The Secret Soldiers of Benghazi","13/09/23"
"Into the Night: Season 1: Sylvie","13/09/23"
"God's Crooked Lines","13/09/23"
"Love Tactics 2","13/09/23"
"Unknown","12/09/23"
"The Art of the Steal","12/09/23"
"Those Who Wish Me Dead","11/09/23"
"Age of Tanks: Season 1: Iron, iron, everywhere","11/09/23"
"White House Down","11/09/23"
"A Nation of Kimchi: Season 1: Episode 1","11/09/23"
"The Gray Man","09/09/23"
"Burning Body: Limited Series: The Reservoir","09/09/23"
"Godzilla","08/09/23"
"Outlander: Season 3: The Bakra","07/09/23"
"Outlander: Season 2: Not in Scotland Anymore","07/09/23"
"The Sum of All Fears","07/09/23"
"Oats Studios: Volume 1: God: Serengeti / Chicago","06/09/23"
"Jack Reacher","06/09/23"
"Edge of Tomorrow","05/09/23"
"The Alienist: A Fruitful Partnership","04/09/23"
"The Alienist: The Boy on the Bridge","04/09/23"
"How It Ends","03/09/23"
"Katla: Season 1: From Under the Glacier","03/09/23"
"The OA: Part I: Chapter 1: Homecoming","03/09/23"
"Mirage","03/09/23"
"Fractured","03/09/23"
"The Adam Project","03/09/23"
"Don't Look Up","02/09/23"
"The Art of War","02/09/23"
"See You Yesterday","02/09/23"
"Awake","02/09/23"
"Recurrence","01/09/23"
"Time Trap","01/09/23"
"Troll","31/08/23"
"World War Z","31/08/23"
"Outlander: Season 1: Sassenach","31/08/23"
"Battle: Los Angeles","31/08/23"
"Joe Rogan: Strange Times","30/08/23"
"Outlander: Season 7: The Happiest Place On Earth","30/08/23"
"The Godfather","30/08/23"
"Outlander: Season 6: Give Me Liberty","30/08/23"
"Outlander: Season 1: Castle Leoch","30/08/23"
"Primal Fear","30/08/23"
"Live to 100: Secrets of the Blue Zones: Limited Series: The Journey Begins","30/08/23"
"The Pale Blue Eye","30/08/23"
"Cook Up A Storm","29/08/23"
"Soulcatcher","29/08/23"
"Shooter","28/08/23"
"Inferno","26/08/23"
"Aftershock: Everest and the Nepal Earthquake: Limited Series: Wrong Place Wrong Time","26/08/23"
"Ancient Apocalypse: Season 1: Cataclysm and Rebirth","25/08/23"
"Ancient Apocalypse: Season 1: Survivor in a Time of Chaos","25/08/23"
"Ancient Apocalypse: Season 1: Once There Was a Flood","25/08/23"
"Good Witch: Season 1: Starting Over … Again","25/08/23"
"Escape Plan","24/08/23"
"The International","24/08/23"
"The Best of Enemies","24/08/23"
"Casino Tycoon","24/08/23"
"Outlander: Season 2: La Dame Blanche","24/08/23"
"Outlander: Season 2: Useful Occupations and Deception","23/08/23"
"Outlander: Season 4: America the Beautiful","22/08/23"
"Capturing Cricket: Steve Waugh in India","22/08/23"
"Outlander: Season 1: The Wedding","22/08/23"
"Outlander: Season 1: Lallybroch","22/08/23"
"Outlander: Season 2: Best Laid Schemes","21/08/23"
"Outlander: Season 2: Through a Glass, Darkly","21/08/23"
"Outlander: Season 1: To Ransom a Man's Soul","21/08/23"
"Sacred Games: Season 1: Ashwathama ","21/08/23"
"La Reina del Sur: Season 3: Dying to Live","21/08/23"
"Outlander: Season 1: The Search","21/08/23"
"Outlander: Season 1: Wentworth Prison","20/08/23"
"Outlander: Season 1: The Watch","20/08/23"
"Outlander: Season 1: The Devil's Mark","20/08/23"
"Outlander: Season 6: The World Turned Upside Down","20/08/23"
"Outlander: Season 5: Monsters and Heroes","20/08/23"
"Jurassic World: Fallen Kingdom","20/08/23"
"Outlander: Season 6: Hour Of The Wolf","20/08/23"
"Outlander: Season 6: Temperance","20/08/23"
"Outlander: Season 6: Allegiance","20/08/23"
"Outlander: Season 6: Echoes","20/08/23"
"Outlander: Season 5: Never My Love","20/08/23"
"Outlander: Season 5: Mercy Shall Follow Me","20/08/23"
"Outlander: Season 5: Famous Last Words","19/08/23"
"Outlander: Season 5: The Ballad of Roger Mac","19/08/23"
"Outlander: Season 5: Better to Marry Than Burn","19/08/23"
"Outlander: Season 5: Perpetual Adoration","19/08/23"
"Outlander: Season 5: The Company We Keep","19/08/23"
"Outlander: Season 5: Free Will","19/08/23"
"Outlander: Season 5: Between Two Fires","19/08/23"
"Outlander: Season 5: The Fiery Cross","19/08/23"
"Outlander: Season 4: Man of Worth","18/08/23"
"Outlander: Season 4: Providence","18/08/23"
"Outlander: Season 4: If Not For Hope","18/08/23"
"Outlander: Season 4: The Deep Heart's Core","18/08/23"
"Outlander: Season 4: The Birds & The Bees","18/08/23"
"Outlander: Season 4: Wilmington","18/08/23"
"Outlander: Season 4: Down the Rabbit Hole","18/08/23"
"Outlander: Season 4: Blood of My Blood","18/08/23"
"Outlander: Season 4: Savages","18/08/23"
"Outlander: Season 4: Common Ground","18/08/23"
"Outlander: Season 4: The False Bride","18/08/23"
"Outlander: Season 4: Do No Harm","18/08/23"
"Outlander: Season 3: Eye of the Storm","17/08/23"
"Outlander: Season 3: Uncharted","17/08/23"
"Outlander: Season 3: Heaven and Earth","17/08/23"
"Outlander: Season 3: The Doldrums","17/08/23"
"Outlander: Season 3: First Wife","17/08/23"
"Outlander: Season 3: Crème de Menthe","17/08/23"
"Outlander: Season 3: A. Malcolm","16/08/23"
"Outlander: Season 3: Freedom & Whiskey","16/08/23"
"Outlander: Season 2: The Hail Mary","16/08/23"
"Outlander: Season 2: Dragonfly in Amber","16/08/23"
"The Marked Heart: Season 1: Happiness Isn’t Forever","16/08/23"
"Outlander: Season 2: The Fox's Lair","16/08/23"
"Outlander: Season 3: All Debts Paid","16/08/23"
"Outlander: Season 3: Of Lost Things","16/08/23"
"Outlander: Season 3: Surrender","16/08/23"
"Outlander: Season 7: A Most Uncomfortable Woman","16/08/23"
"Anatomy of a Scandal: Limited Series: Episode 1","15/08/23"
"Outlander: Season 7: Death Be Not Proud","15/08/23"
"The Last Kingdom: Season 1: Episode 5","14/08/23"
"S.W.A.T.: Firefight","13/08/23"
"Outlander: Season 1: The Way Out","13/08/23"
"Outlander: Season 1: The Gathering","13/08/23"
"The Last Kingdom: Season 1: Episode 4","13/08/23"
"The Last Kingdom: Season 1: Episode 3","13/08/23"
"The Last Kingdom: Season 1: Episode 2","13/08/23"
"The Last Kingdom: Season 1: Episode 1","13/08/23"
"Black Mirror: Season 6: Loch Henry","13/08/23"
"Human: The World Within: Limited Series: React","12/08/23"
"Outlander: Season 7: A Life Well Lost","12/08/23"
"Outlander: Season 1: Both Sides Now","12/08/23"
"Ozark: Season 1: Sugarwood","12/08/23"
"Outlander: Season 7: Turning Points","12/08/23"
"La Révolution: Season 1: Chapter One - The Beginning","12/08/23"
"Heart of Stone","11/08/23"
"Outlander: Season 7: A Practical Guide For Time-travelers","11/08/23"
"Outlander: Season 7: Where The Waters Meet","11/08/23"
"The Patriot","11/08/23"
"Transatlantic: Limited Series: Hiding Hand Principle","11/08/23"
"Outlander: Season 7: Singapore","10/08/23"
"Outlander: Season 6: I Am Not Alone","10/08/23"
"Outlander: Season 6: Sticks And Stones","10/08/23"
"Painkiller: Limited Series: The One to Start With, The One to Stay With","10/08/23"
"Outlander: Season 3: The Battle Joined","07/08/23"
"Outlander: Season 2: Vengeance Is Mine","06/08/23"
"Outlander: Season 2: Prestonpans","06/08/23"
"Outlander: Season 2: Je Suis Prest","06/08/23"
"Outlander: Season 2: Faith","06/08/23"
"Outlander: Season 2: Untimely Resurrection","06/08/23"
"Poisoned: The Dirty Truth About Your Food","06/08/23"
"Kleo: Season 1: Big Eden","06/08/23"
"Outlander: Season 1: By the Pricking of My Thumbs","05/08/23"
"Outlander: Season 1: The Reckoning","05/08/23"
"The Hunt for Veerappan: Limited Series: CHAPTER ONE - THE FOREST KING","05/08/23"
"Outlander: Season 1: The Garrison Commander","04/08/23"
"Outlander: Season 1: Rent","04/08/23"
"Savage Beauty: Season 1: Episode 1","04/08/23"
"Warrior Nun: Season 2: Isaiah 40:31","04/08/23"
"Warrior Nun: Season 2: Psalms 116:15","04/08/23"
"Warrior Nun: Season 2: Jeremiah 29:13","04/08/23"
"Veronica","31/07/23"
"Greatest Events of WWII in Colour: Season 1: D-Day","29/07/23"
"WWII in Color: Road to Victory: Season 1: Dunkirk","29/07/23"
"Treason: Limited Series: Episode 2","29/07/23"
"Treason: Limited Series: Episode 1","29/07/23"
"Another Life: Season 2: D-Day","28/07/23"
"Another Life: Season 2: What's Bourne / What's Left Behind","28/07/23"
"Another Life: Season 2: Just a Rat in a Cage","28/07/23"
"Another Life: Season 2: Never Gonna Give You Up","28/07/23"
"Another Life: Season 2: Gift from the Gods","28/07/23"
"Another Life: Season 2: A Better Earth","28/07/23"
"Another Life: Season 2: Will to Power","28/07/23"
"Another Life: Season 2: My Own Worst Enemy","28/07/23"
"Another Life: Season 2: Smoke and Mirrors","28/07/23"
"Another Life: Season 2: Live to Fight Another Day","28/07/23"
"Another Life: Season 1: Hello","28/07/23"
"Another Life: Season 1: Heart and Soul","28/07/23"
"Another Life: Season 1: How the Light Gets Lost","28/07/23"
"Another Life: Season 1: Living the Dream","28/07/23"
"Another Life: Season 1: I Think We're Alone Now","28/07/23"
"Another Life: Season 1: A Mind of its Own","28/07/23"
"Another Life: Season 1: Guilt Trip","28/07/23"
"Another Life: Season 1: Nervous Breakdown","28/07/23"
"Explained: Season 3: Fairy Tales","27/07/23"
"Flavorful Origins: Gansu Cuisine: Mutton","27/07/23"
"Making The Witcher: Season 3","27/07/23"
"The Witcher: Season 3: The Cost of Chaos","27/07/23"
"The Witcher: Season 3: Out of the Fire, Into the Frying Pan","27/07/23"
"The Witcher: Season 3: Everybody Has a Plan 'til They Get Punched in the Face","27/07/23"
"Altered Carbon: Season 2: Broken Angels","27/07/23"
"Altered Carbon: Season 2: Experiment Perilous","27/07/23"
"Altered Carbon: Season 2: Bury Me Dead","27/07/23"
"Altered Carbon: Season 2: I Wake Up Screaming","27/07/23"
"Altered Carbon: Season 2: Shadow of a Doubt","26/07/23"
"Altered Carbon: Season 2: Nightmare Alley","26/07/23"
"Altered Carbon: Season 1: The Killers","26/07/23"
"Altered Carbon: Season 2: Payment Deferred","26/07/23"
"Bloodline: Season 1: Part 1","26/07/23"
"Altered Carbon: Resleeved","26/07/23"
"Altered Carbon: Season 2: Phantom Lady","26/07/23"
"Altered Carbon: Season 1: Rage in Heaven","25/07/23"
"Altered Carbon: Season 1: Clash by Night","25/07/23"
"Altered Carbon: Season 1: Nora Inu","25/07/23"
"Altered Carbon: Season 1: The Wrong Man","25/07/23"
"Altered Carbon: Season 1: Man with My Face","25/07/23"
"Altered Carbon: Season 1: In a Lonely Place","25/07/23"
"Altered Carbon: Season 1: Fallen Angel","25/07/23"
"Altered Carbon: Season 1: Out of the Past","25/07/23"
"Altered Carbon: Season 1: Force of Evil","25/07/23"
"Fate: The Winx Saga: Season 1: To the Waters and the Wild","25/07/23"
"Knightfall: Season 2: While I Breathe, I Trust the Cross","23/07/23"
"Knightfall: Season 2: Death Awaits","23/07/23"
"Knightfall: Season 2: Blood Drenched Stone","23/07/23"
"Knightfall: Season 2: Road to Chartres","23/07/23"
"Knightfall: Season 2: Equal Before God","23/07/23"
"Knightfall: Season 2: Faith","23/07/23"
"Knightfall: Season 2: The Devil Inside","23/07/23"
"Knightfall: Season 2: God's Executioners","23/07/23"
"Knightfall: Season 1: Do You See the Blue?","23/07/23"
"Knightfall: Season 1: Fiat!","23/07/23"
"Knightfall: Season 1: IV","23/07/23"
"Knightfall: Season 1: And Certainly Not the Cripple","23/07/23"
"Knightfall: Season 1: The Pilgrimage of Chains","22/07/23"
"Knightfall: Season 1: Hard Blows Will Banish the Sin","22/07/23"
"Knightfall: Season 1: He Who Discovers His Own Self, Discovers God","22/07/23"
"Knightfall: Season 1: The Black Wolf and the White Wolf","22/07/23"
"Knightfall: Season 1: Find Us the Grail","22/07/23"
"Knightfall: Season 1: You'd Know What to Do","22/07/23"
"Warrior Nun: Season 1: Psalm 46:5","22/07/23"
"The Defeated: Season 1: First Trick","22/07/23"
"The Law According to Lidia Poët: Season 1: Episode 1","22/07/23"
"Nightflyers: Season 1: All That We Left Behind","22/07/23"
"Outer Banks: Season 1: Pilot","22/07/23"
"FUBAR: Season 1: That's It and That's All","20/07/23"
"FUBAR: Season 1: Urine Luck","20/07/23"
"FUBAR: Season 1: Royally Flushed","20/07/23"
"FUBAR: Season 1: Here Today, Gone To-Marrow","20/07/23"
"FUBAR: Season 1: Armed & Dane-gerous","20/07/23"
"FUBAR: Season 1: Honeyplot","20/07/23"
"FUBAR: Season 1: Stole Train","20/07/23"
"FUBAR: Season 1: Take Your Daughter to Work Day","20/07/23"
"War of the Worlds","20/07/23"
"Mr. Car and the Knights Templar","20/07/23"
"Bodyguard: Season 1: Episode 2","20/07/23"
"The Witcher: Fireplace","20/07/23"
"The Witcher: Season 3: The Art of the Illusion","19/07/23"
"The Witcher: Season 1: The End’s Beginning","19/07/23"
"Malcolm & Marie","19/07/23"
"The Witcher: Season 3: The Invitation","19/07/23"
"The Witcher: Season 3: Reunion","19/07/23"
"The Witcher: Season 3: Unbound","19/07/23"
"The Witcher: Season 3: Shaerrawedd","19/07/23"
"The Witcher: Season 2: Family","19/07/23"
"The Witcher: Season 2: Voleth Meir","19/07/23"
"The Witcher: Season 2: Dear Friend...","19/07/23"
"The Witcher: Season 2: Turn Your Back","19/07/23"
"The Witcher: Season 2: Redanian Intelligence","19/07/23"
"The Witcher: Season 2: What Is Lost","18/07/23"
"The Witcher: Season 2: Kaer Morhen","18/07/23"
"The Witcher: Season 2: A Grain of Truth","18/07/23"
"The Witcher: Season 1: Much More","18/07/23"
"The Witcher: Season 1: Before a Fall","18/07/23"
"The Witcher: Season 1: Bottled Appetites","18/07/23"
"The Witcher: Season 1: Betrayer Moon","18/07/23"
"The Witcher: Season 1: Rare Species","18/07/23"
"The Witcher: Season 1: Of Banquets, Bastards and Burials","18/07/23"
"The Witcher: Season 1: Four Marks","18/07/23"
"Lost Bullet 2","17/07/23"
"Warrior Nun: Season 2: Mark 10:45","17/07/23"
"In From the Cold: Season 1: What Is Burning?","17/07/23"
"Warrior Nun: Season 2: Corinthians 10:20-21","17/07/23"
"Warrior Nun: Season 2: Luke 8:17","17/07/23"
"Warrior Nun: Season 2: Colossians 3:9-10","17/07/23"
"Warrior Nun: Season 2: Galatians 6:4-5","17/07/23"
"Warrior Nun: Season 1: Revelation 2:10","16/07/23"
"Warrior Nun: Season 1: 2 Corinthians 10:4","16/07/23"
"Warrior Nun: Season 1: Proverbs 14:1","16/07/23"
"Warrior Nun: Season 1: Ephesians 4:22-24","16/07/23"
"Warrior Nun: Season 1: Isaiah 30:20-21","16/07/23"
"Warrior Nun: Season 1: Matthew 7:13","16/07/23"
"Warrior Nun: Season 1: Ecclesiasticus 26:9-10","16/07/23"
"Warrior Nun: Season 1: Ephesians 6:11","16/07/23"
"Warrior Nun: Season 1: Proverbs 31:25","16/07/23"
"Vikings: Season 1: Rites of Passage","16/07/23"
"The Rain: Season 1: Avoid the City","16/07/23"
"Playing with Fire: Season 1: Fabrizio the insatiable","16/07/23"
"Playing with Fire: Season 1: Camila's Terror","16/07/23"
"The Rain: Season 1: Stay Together","16/07/23"
"The Rain: Season 1: Stay Inside","16/07/23"
"Playing with Fire: Season 1: Fabrizio plays with fire","15/07/23"
"The Protector: Season 3: Episode 6","15/07/23"
"The Protector: Season 4: Episode 6","15/07/23"
"The Protector: Season 4: Episode 7","15/07/23"
"The Protector: Season 4: Episode 5","15/07/23"
"The Protector: Season 4: Episode 4","15/07/23"
"The Protector: Season 4: Episode 3","15/07/23"
"The Protector: Season 4: Episode 2","15/07/23"
"The Protector: Season 4: Episode 1","15/07/23"
"The Protector: Season 3: Episode 7","15/07/23"
"The Protector: Season 3: Episode 5","15/07/23"
"The Protector: Season 3: Episode 4","15/07/23"
"The Protector: Season 3: Episode 3","15/07/23"
"The Protector: Season 3: Episode 2","14/07/23"
"The Protector: Season 3: Episode 1","14/07/23"
"The Protector: Season 2: Episode 8","13/07/23"
"The Protector: Season 2: Episode 7","13/07/23"
"The Protector: Season 2: Episode 6","13/07/23"
"The Protector: Season 2: Episode 5","13/07/23"
"The Protector: Season 2: Episode 4","13/07/23"
"The Protector: Season 2: Episode 3","13/07/23"
"The Protector: Season 2: Episode 2","13/07/23"
"The Protector: Season 2: Episode 1","13/07/23"
"The Protector: Season 1: Episode 9","13/07/23"
"The Protector: Season 1: Episode 10","13/07/23"
"The Protector: Season 1: Episode 8","13/07/23"
"The Protector: Season 1: Episode 7","13/07/23"
"The Protector: Season 1: Episode 6","13/07/23"
"The Protector: Season 1: Episode 5","13/07/23"
"The Protector: Season 1: Episode 4","13/07/23"
"The Protector: Season 1: Episode 3","13/07/23"
"The Protector: Season 1: Episode 2","13/07/23"
"The Protector: Season 1: Episode 1","13/07/23"
"Bodyguard: Season 1: Episode 1","12/07/23"
"Designated Survivor: Season 2: Line of Fire","12/07/23"
"Designated Survivor: Season 2: Overkill","12/07/23"
"Designated Survivor: Season 2: Kirkman Agonistes","12/07/23"
"The Diplomat: Season 1: The James Bond Clause","12/07/23"
"The Diplomat: Season 1: Keep Your Enemies Closer","12/07/23"
"The Diplomat: Season 1: Some Lusty Tornado","12/07/23"
"The Diplomat: Season 1: The Dogcatcher","12/07/23"
"The Diplomat: Season 1: He Bought a Hat","12/07/23"
"The Diplomat: Season 1: Lambs in the Dark","12/07/23"
"The Diplomat: Season 1: Don't Call It a Kidnapping","12/07/23"
"The Night Agent: Season 1: Fathers","12/07/23"
"The Night Agent: Season 1: The Devil We Know","12/07/23"
"The Night Agent: Season 1: Redux","12/07/23"
"The Night Agent: Season 1: Best Served Cold","12/07/23"
"The Night Agent: Season 1: Fathoms","12/07/23"
"The Night Agent: Season 1: The Marionette","11/07/23"
"The Night Agent: Season 1: Eyes Only","11/07/23"
"The Night Agent: Season 1: The Zookeeper","11/07/23"
"The Night Agent: Season 1: Redial","11/07/23"
"The Night Agent: Season 1: The Call","11/07/23"
"(Un)Well: Season 1: Tantric Sex","11/07/23"
"(Un)Well: Season 1: Essential Oils","11/07/23"
"The Volcano: Rescue from Whakaari","11/07/23"
"The Recruit: Season 1: I.N.A.S.I.A.L.","11/07/23"
"Travelers: Season 1: Pilot","11/07/23"
"Hot Girls Wanted: Turned On: Limited Series: Women on Top","11/07/23"
"Salvation: Season 1: Pilot","11/07/23"
"Manifest: Season 1: Pilot","11/07/23"
"The Principles of Pleasure: Limited Series: Our Bodies","11/07/23"
"Upgrade","11/07/23"
"House of Cards: Season 1: Chapter 1","11/07/23"
"The Diplomat: Season 1: The Cinderella Thing","11/07/23"
"Designated Survivor: Season 3: #truthorconsequences","11/07/23"
"Designated Survivor: Season 3: #undecided","11/07/23"
"Designated Survivor: Season 3: #scaredsh*tless","11/07/23"
"Designated Survivor: Season 3: #identity/crisis","11/07/23"
"Designated Survivor: Season 3: #whocares","11/07/23"
"Lust Stories 2","10/07/23"
"Designated Survivor: Season 3: #nothingpersonal","10/07/23"
"Designated Survivor: Season 3: #makehistory","10/07/23"
"Designated Survivor: Season 3: #privacyplease","10/07/23"
"Designated Survivor: Season 2: Original Sin","10/07/23"
"Designated Survivor: Season 3: #slipperyslope","10/07/23"
"Designated Survivor: Season 3: #thesystemisbroken","10/07/23"
"Designated Survivor: Season 2: Run","10/07/23"
"Designated Survivor: Season 2: Target","10/07/23"
"Designated Survivor: Season 2: Bad Reception","10/07/23"
"Designated Survivor: Season 2: Capacity","10/07/23"
"Designated Survivor: Season 2: Fallout","10/07/23"
"Designated Survivor: Season 2: Summit","10/07/23"
"Designated Survivor: Season 2: In the Dark","10/07/23"
"Designated Survivor: Season 2: The Final Frontier","09/07/23"
"Designated Survivor: Season 2: Grief","09/07/23"
"Designated Survivor: Season 2: Family Ties","09/07/23"
"Designated Survivor: Season 2: Two Ships","09/07/23"
"Designated Survivor: Season 2: Home","09/07/23"
"Designated Survivor: Season 2: Suckers","09/07/23"
"Designated Survivor: Season 2: Equilibrium","09/07/23"
"Designated Survivor: Season 2: Outbreak","09/07/23"
"Designated Survivor: Season 2: Sting of the Tail","09/07/23"
"Designated Survivor: Season 2: One Year In","09/07/23"
"Designated Survivor: Season 1: Brace for Impact","08/07/23"
"Designated Survivor: Season 1: Bombshell","08/07/23"
"Designated Survivor: Season 1: Misalliance","08/07/23"
"Designated Survivor: Season 1: Lazarus","08/07/23"
"Designated Survivor: Season 1: The Ninth Seat","08/07/23"
"Designated Survivor: Season 1: Party Lines","08/07/23"
"Designated Survivor: Season 1: One Hundred Days","08/07/23"
"Designated Survivor: Season 1: Commander-in-Chief","08/07/23"
"Designated Survivor: Season 1: Backfire","08/07/23"
"Designated Survivor: Season 1: The End of the Beginning","08/07/23"
"Designated Survivor: Season 1: Warriors","08/07/23"
"Designated Survivor: Season 1: The Oath","08/07/23"
"Designated Survivor: Season 1: The Blueprint","08/07/23"
"Designated Survivor: Season 1: The Results","08/07/23"
"Designated Survivor: Season 1: The Traitor","08/07/23"
"Designated Survivor: Season 1: The Interrogation","08/07/23"
"Designated Survivor: Season 1: The Mission","08/07/23"
"Designated Survivor: Season 1: The Enemy","08/07/23"
"Designated Survivor: Season 1: The Confession","08/07/23"
"Designated Survivor: Season 1: The First Day","08/07/23"
"Designated Survivor: Season 1: Pilot","08/07/23"
"The Liberator: Season 1: Why We Fight","07/07/23"
"The Forgotten Battle","04/07/23"
"The Bombardment","04/07/23"
"Black Mirror: Season 6: Joan Is Awful","04/07/23"
"Black Mirror: Season 4: Arkangel","04/07/23"
"Black Mirror: Season 1: Fifteen Million Merits","04/07/23"
"Black Mirror: Season 3: Hated in the Nation","04/07/23"
"The Accountant","03/07/23"
"AKA","02/07/23"
"Orgasm Inc: The Story of OneTaste","01/07/23"
"King of Clones","01/07/23"
"Wanted","01/07/23"
"Along with the Gods: The Two Worlds","30/06/23"
"The Mother","29/06/23"
"All Quiet on the Western Front","29/06/23"
"Baahubali: The Beginning (English Version)","28/06/23"
"Black Crab","28/06/23"
"War Machine","28/06/23"
"Anek","28/06/23"
"The Notebook","28/06/23"
"Close","28/06/23"
"Hitler - A Career","27/06/23"
"Rising High","27/06/23"
"6 Days","26/06/23"
"Jarhead 3: The Siege","25/06/23"
"Last Seen Alive","23/06/23"
"Lara Croft Tomb Raider: The Cradle of Life","23/06/23"
"Blood & Gold","22/06/23"
"Company of Heroes","21/06/23"
"Blackhat","20/06/23"
"Takers","20/06/23"
"Extraction","19/06/23"
"Plan A Plan B","15/06/23"
"Snow White & the Huntsman","14/06/23"
"Narvik","14/06/23"
"Sand Castle","13/06/23"
"Geostorm","12/06/23"
"The Kingdom","11/06/23"
"The Last Kingdom: Seven Kings Must Die","11/06/23"
"Synchronic","04/06/23"
"Narcos: Season 1: The Sword of Simón Bolívar","28/05/23"
"Narcos: Season 1: Descenso","28/05/23"
"Eternal Summer","28/05/23"
"Uncharted","28/05/23"
"Get Smart With Money","27/05/23"
"Taboo: Season 1: Episode 1","27/05/23"
"The Billion Dollar Code: Limited Series: Episode 1","27/05/23"
"The Great Hack","27/05/23"
"Marco Polo: Season 1: The Fourth Step","20/05/23"
"Marco Polo: Season 1: Feast","20/05/23"
"Marco Polo: Season 1: The Wolf and the Deer","20/05/23"
"Marco Polo: Season 1: The Wayfarer","20/05/23"
"Ad Astra","20/05/23"
"The King","20/05/23"
"Joe Rogan: Triggered","14/05/23"
"Ram Dass, Going Home","14/05/23"
"Troy: Fall of a City: Season 1: Black Blood","13/05/23"
"Dark Desire: Season 1: It's Just Sex","13/05/23"
"Sex/Life: Season 1: The Wives Are in Connecticut","13/05/23"
"Peaky Blinders: Season 1: Episode 2","12/05/23"
"Peaky Blinders: Season 1: Episode 1","12/05/23"
"300","11/05/23"
"The House of Flowers: Season 1: POPPY (symb. resurrection)","11/05/23"
"The House of Flowers: Season 1: SISYMBRIUM (symb. adversity)","11/05/23"
"The House of Flowers: Season 1: NARCISSUS (symb. lies)","11/05/23"
